{
  "table_of_contents": [
    {
      "title": "Record first-half income and earnings",
      "heading_level": null,
      "page_id": 0,
      "polygon": [
        [
          232.75999450683594,
          197.75390625
        ],
        [
          880.7742919921875,
          197.75390625
        ],
        [
          880.7742919921875,
          236.24319458007812
        ],
        [
          232.75999450683594,
          236.24319458007812
        ]
      ]
    },
    {
      "title": "Highlights",
      "heading_level": null,
      "page_id": 1,
      "polygon": [
        [
          65.56339263916016,
          18.720703125
        ],
        [
          202.18995666503906,
          18.720703125
        ],
        [
          202.18995666503906,
          47.709747314453125
        ],
        [
          65.56339263916016,
          47.709747314453125
        ]
      ]
    },
    {
      "title": "Second-quarter net profit up 4% YoY to $2.80 billion with ROE at 18.2%",
      "heading_level": null,
      "page_id": 1,
      "polygon": [
        [
          63.75,
          67.02035522460938
        ],
        [
          670.5187377929688,
          67.02035522460938
        ],
        [
          670.5187377929688,
          85.02035522460938
        ],
        [
          63.75,
          85.02035522460938
        ]
      ]
    },
    {
      "title": "First-half net profit up 9% to record $5.76bn",
      "heading_level": null,
      "page_id": 1,
      "polygon": [
        [
          63.75,
          223.06640625
        ],
        [
          439.56951904296875,
          223.06640625
        ],
        [
          439.56951904296875,
          241.620361328125
        ],
        [
          63.75,
          241.620361328125
        ]
      ]
    },
    {
      "title": "Balance sheet remains strong",
      "heading_level": null,
      "page_id": 1,
      "polygon": [
        [
          64.6875,
          353.84765625
        ],
        [
          322.64501953125,
          353.84765625
        ],
        [
          322.64501953125,
          373.5963439941406
        ],
        [
          64.6875,
          373.5963439941406
        ]
      ]
    },
    {
      "title": "Second-quarter dividend at 54 cents per share",
      "heading_level": null,
      "page_id": 1,
      "polygon": [
        [
          63.75,
          463.53515625
        ],
        [
          462.4869384765625,
          463.53515625
        ],
        [
          462.4869384765625,
          483.9723815917969
        ],
        [
          63.75,
          483.9723815917969
        ]
      ]
    },
    {
      "title": "2Q net profit up 4% YoY as total income rises 9%",
      "heading_level": null,
      "page_id": 2,
      "polygon": [
        [
          63.75,
          23.203125
        ],
        [
          713.7034301757812,
          23.203125
        ],
        [
          713.7034301757812,
          54.1015625
        ],
        [
          63.75,
          54.1015625
        ]
      ]
    },
    {
      "title": "2Q net profit down 5% QoQ",
      "heading_level": null,
      "page_id": 3,
      "polygon": [
        [
          63.75,
          23.73046875
        ],
        [
          428.28765869140625,
          23.73046875
        ],
        [
          428.28765869140625,
          54.1015625
        ],
        [
          63.75,
          54.1015625
        ]
      ]
    },
    {
      "title": "1H net profit up 9% to new high as total income rises 11%",
      "heading_level": null,
      "page_id": 4,
      "polygon": [
        [
          62.25,
          23.73046875
        ],
        [
          833.25,
          23.73046875
        ],
        [
          833.25,
          52.20703125
        ],
        [
          62.25,
          52.20703125
        ]
      ]
    },
    {
      "title": "2Q commercial book net interest income up 3% QoQ as NIM rises 6bp to 2.83%",
      "heading_level": null,
      "page_id": 5,
      "polygon": [
        [
          61.5,
          22.67578125
        ],
        [
          862.5,
          22.67578125
        ],
        [
          863.25,
          82.79296875
        ],
        [
          61.5,
          82.79296875
        ]
      ]
    },
    {
      "title": "Loans stable QoQ, up 1% over first half in constant-currency \nterms",
      "heading_level": null,
      "page_id": 6,
      "polygon": [
        [
          65.13589477539062,
          24.2578125
        ],
        [
          880.86328125,
          24.2578125
        ],
        [
          880.86328125,
          86.7655029296875
        ],
        [
          65.13589477539062,
          86.7655029296875
        ]
      ]
    },
    {
      "title": "In constant-currency terms",
      "heading_level": null,
      "page_id": 6,
      "polygon": [
        [
          680.625,
          161.630859375
        ],
        [
          889.3602905273438,
          161.630859375
        ],
        [
          889.3602905273438,
          179.41448974609375
        ],
        [
          680.625,
          179.41448974609375
        ]
      ]
    },
    {
      "title": "Deposits stable QoQ; surplus deposits profitably deployed to HQLA, boosting liquidity ratios",
      "heading_level": null,
      "page_id": 7,
      "polygon": [
        [
          62.25,
          24.2578125
        ],
        [
          884.25,
          24.2578125
        ],
        [
          884.25,
          83.3203125
        ],
        [
          62.25,
          83.3203125
        ]
      ]
    },
    {
      "title": "2Q fee income rises YoY due to wealth management, cards and loan-related fees, 1H at record",
      "heading_level": null,
      "page_id": 8,
      "polygon": [
        [
          61.5,
          24.2578125
        ],
        [
          906.75,
          23.25
        ],
        [
          906.75,
          83.3203125
        ],
        [
          61.5,
          83.3203125
        ]
      ]
    },
    {
      "title": "1H commercial book non-interest income up 24% YoY from record fee income and treasury customer sales",
      "heading_level": null,
      "page_id": 9,
      "polygon": [
        [
          51.75,
          24.0
        ],
        [
          840.75,
          24.2578125
        ],
        [
          840.0,
          84.375
        ],
        [
          51.75,
          84.375
        ]
      ]
    },
    {
      "title": "1H cost-income ratio at 39%",
      "heading_level": null,
      "page_id": 10,
      "polygon": [
        [
          65.01770782470703,
          23.994140625
        ],
        [
          439.1029052734375,
          23.994140625
        ],
        [
          439.1029052734375,
          53.36016845703125
        ],
        [
          65.01770782470703,
          53.36016845703125
        ]
      ]
    },
    {
      "title": "1H CBG / WM income up 18%",
      "heading_level": null,
      "page_id": 11,
      "polygon": [
        [
          65.13599395751953,
          24.2578125
        ],
        [
          455.8460998535156,
          24.2578125
        ],
        [
          455.8460998535156,
          53.15838623046875
        ],
        [
          65.13599395751953,
          53.15838623046875
        ]
      ]
    },
    {
      "title": "1H IBG income stable",
      "heading_level": null,
      "page_id": 12,
      "polygon": [
        [
          64.6875,
          24.521484375
        ],
        [
          353.06243896484375,
          24.521484375
        ],
        [
          353.06243896484375,
          53.15838623046875
        ],
        [
          64.6875,
          53.15838623046875
        ]
      ]
    },
    {
      "title": "1H treasury customer income up 26% to record, Markets \ntrading income little changed",
      "heading_level": null,
      "page_id": 13,
      "polygon": [
        [
          66.26109313964844,
          23.994140625
        ],
        [
          824.9476928710938,
          23.994140625
        ],
        [
          824.9476928710938,
          86.76589965820312
        ],
        [
          66.26109313964844,
          86.76589965820312
        ]
      ]
    },
    {
      "title": "1H Hong Kong net profit down 2% YoY, up 3% HoH; ROE at 19%",
      "heading_level": null,
      "page_id": 14,
      "polygon": [
        [
          63.75,
          23.203125
        ],
        [
          918.658447265625,
          23.203125
        ],
        [
          918.658447265625,
          54.1015625
        ],
        [
          63.75,
          54.1015625
        ]
      ]
    },
    {
      "title": "NPL ratio unchanged at 1.1%",
      "heading_level": null,
      "page_id": 15,
      "polygon": [
        [
          64.29039001464844,
          24.2578125
        ],
        [
          450.11309814453125,
          24.2578125
        ],
        [
          450.11309814453125,
          54.1015625
        ],
        [
          64.29039001464844,
          54.1015625
        ]
      ]
    },
    {
      "title": "2Q SP at 8bp, 1H at 9bp",
      "heading_level": null,
      "page_id": 16,
      "polygon": [
        [
          61.875,
          24.78515625
        ],
        [
          378.1635437011719,
          24.78515625
        ],
        [
          378.1635437011719,
          54.1015625
        ],
        [
          61.875,
          54.1015625
        ]
      ]
    },
    {
      "title": "Allowance coverage rises to 129%",
      "heading_level": null,
      "page_id": 17,
      "polygon": [
        [
          63.75,
          24.521484375
        ],
        [
          520.9607543945312,
          24.521484375
        ],
        [
          520.9607543945312,
          54.1015625
        ],
        [
          63.75,
          54.1015625
        ]
      ]
    },
    {
      "title": "Strong CET-1 and leverage ratios",
      "heading_level": null,
      "page_id": 18,
      "polygon": [
        [
          66.26099395751953,
          23.466796875
        ],
        [
          506.994384765625,
          23.466796875
        ],
        [
          506.994384765625,
          53.157867431640625
        ],
        [
          66.26099395751953,
          53.157867431640625
        ]
      ]
    },
    {
      "title": "2Q dividend at 54 cents per share",
      "heading_level": null,
      "page_id": 19,
      "polygon": [
        [
          66.26089477539062,
          22.939453125
        ],
        [
          513.394287109375,
          22.939453125
        ],
        [
          513.394287109375,
          53.157867431640625
        ],
        [
          66.26089477539062,
          53.157867431640625
        ]
      ]
    },
    {
      "title": "In summary",
      "heading_level": null,
      "page_id": 20,
      "polygon": [
        [
          66.26099395751953,
          24.521484375
        ],
        [
          230.73287963867188,
          24.521484375
        ],
        [
          230.73287963867188,
          53.157867431640625
        ],
        [
          66.26099395751953,
          53.157867431640625
        ]
      ]
    },
    {
      "title": "Supplementary slides",
      "heading_level": null,
      "page_id": 21,
      "polygon": [
        [
          508.125,
          201.181640625
        ],
        [
          880.7875366210938,
          201.181640625
        ],
        [
          880.7875366210938,
          237.5289306640625
        ],
        [
          508.125,
          237.5289306640625
        ]
      ]
    },
    {
      "title": "1H net profit up 9% to record $5.76bn",
      "heading_level": null,
      "page_id": 22,
      "polygon": [
        [
          63.75,
          24.521484375
        ],
        [
          561.0360717773438,
          24.521484375
        ],
        [
          561.0360717773438,
          54.1015625
        ],
        [
          63.75,
          54.1015625
        ]
      ]
    },
    {
      "title": "1H Hong Kong net profit down 2%",
      "heading_level": null,
      "page_id": 23,
      "polygon": [
        [
          64.29039001464844,
          24.78515625
        ],
        [
          517.4127807617188,
          24.78515625
        ],
        [
          517.4127807617188,
          54.1015625
        ],
        [
          64.29039001464844,
          54.1015625
        ]
      ]
    },
    {
      "title": "Constant-currency terms",
      "heading_level": null,
      "page_id": 23,
      "polygon": [
        [
          706.40625,
          69.609375
        ],
        [
          902.4490356445312,
          69.609375
        ],
        [
          902.4490356445312,
          87.20343017578125
        ],
        [
          706.40625,
          87.20343017578125
        ]
      ]
    },
    {
      "title": "Net interest margin (%) 1.80 1.79",
      "heading_level": null,
      "page_id": 23,
      "polygon": [
        [
          64.21875,
          371.513671875
        ],
        [
          554.6757202148438,
          371.513671875
        ],
        [
          554.6757202148438,
          389.54071044921875
        ],
        [
          64.21875,
          389.54071044921875
        ]
      ]
    },
    {
      "title": "NPL ratio at 1.1%, allowance coverage above 100%",
      "heading_level": null,
      "page_id": 24,
      "polygon": [
        [
          63.75,
          24.2578125
        ],
        [
          742.5,
          24.2578125
        ],
        [
          742.5,
          54.1015625
        ],
        [
          63.75,
          54.1015625
        ]
      ]
    },
    {
      "title": "Fixed income duration remains short",
      "heading_level": null,
      "page_id": 25,
      "polygon": [
        [
          64.29039001464844,
          24.2578125
        ],
        [
          556.20166015625,
          24.2578125
        ],
        [
          556.20166015625,
          54.1015625
        ],
        [
          64.29039001464844,
          54.1015625
        ]
      ]
    },
    {
      "title": "Deposits up 2% HoH and 6% YoY in constant-currency terms",
      "heading_level": null,
      "page_id": 26,
      "polygon": [
        [
          61.875,
          25.048828125
        ],
        [
          872.5775756835938,
          25.048828125
        ],
        [
          872.5775756835938,
          54.1015625
        ],
        [
          61.875,
          54.1015625
        ]
      ]
    },
    {
      "title": "1H Wealth Management segment income up 21%",
      "heading_level": null,
      "page_id": 27,
      "polygon": [
        [
          66.26099395751953,
          23.73046875
        ],
        [
          715.5090942382812,
          23.73046875
        ],
        [
          715.5090942382812,
          53.157989501953125
        ],
        [
          66.26099395751953,
          53.157989501953125
        ]
      ]
    },
    {
      "title": "1H GTS income down 3%",
      "heading_level": null,
      "page_id": 28,
      "polygon": [
        [
          66.26099395751953,
          23.466796875
        ],
        [
          402.5302734375,
          23.466796875
        ],
        [
          402.5302734375,
          53.157989501953125
        ],
        [
          66.26099395751953,
          53.157989501953125
        ]
      ]
    },
    {
      "title": "Record first-half income and earnings",
      "heading_level": null,
      "page_id": 29,
      "polygon": [
        [
          232.75999450683594,
          197.75390625
        ],
        [
          880.7742919921875,
          197.75390625
        ],
        [
          880.7742919921875,
          236.24319458007812
        ],
        [
          232.75999450683594,
          236.24319458007812
        ]
      ]
    }
  ],
  "page_stats": [
    {
      "page_id": 0,
      "text_extraction_method": "pdftext",
      "block_counts": [
        [
          "Span",
          7
        ],
        [
          "Line",
          4
        ],
        [
          "Picture",
          1
        ],
        [
          "SectionHeader",
          1
        ],
        [
          "Text",
          1
        ]
      ],
      "block_metadata": {
        "llm_request_count": 0,
        "llm_error_count": 0,
        "llm_tokens_used": 0,
        "previous_text": "",
        "previous_type": "",
        "previous_order": 0
      }
    },
    {
      "page_id": 1,
      "text_extraction_method": "pdftext",
      "block_counts": [
        [
          "Span",
          48
        ],
        [
          "Line",
          18
        ],
        [
          "ListItem",
          11
        ],
        [
          "SectionHeader",
          5
        ],
        [
          "ListGroup",
          3
        ],
        [
          "Picture",
          1
        ],
        [
          "PageFooter",
          1
        ]
      ],
      "block_metadata": {
        "llm_request_count": 0,
        "llm_error_count": 0,
        "llm_tokens_used": 0,
        "previous_text": "",
        "previous_type": "",
        "previous_order": 0
      }
    },
    {
      "page_id": 2,
      "text_extraction_method": "pdftext",
      "block_counts": [
        [
          "Span",
          173
        ],
        [
          "Line",
          69
        ],
        [
          "Text",
          2
        ],
        [
          "SectionHeader",
          1
        ],
        [
          "Figure",
          1
        ],
        [
          "PageFooter",
          1
        ]
      ],
      "block_metadata": {
        "llm_request_count": 0,
        "llm_error_count": 0,
        "llm_tokens_used": 0,
        "previous_text": "",
        "previous_type": "",
        "previous_order": 0
      }
    },
    {
      "page_id": 3,
      "text_extraction_method": "pdftext",
      "block_counts": [
        [
          "Span",
          170
        ],
        [
          "Line",
          62
        ],
        [
          "TableCell",
          31
        ],
        [
          "SectionHeader",
          1
        ],
        [
          "Table",
          1
        ],
        [
          "PageFooter",
          1
        ],
        [
          "Text",
          1
        ]
      ],
      "block_metadata": {
        "llm_request_count": 0,
        "llm_error_count": 0,
        "llm_tokens_used": 0,
        "previous_text": "",
        "previous_type": "",
        "previous_order": 0
      }
    },
    {
      "page_id": 4,
      "text_extraction_method": "surya",
      "block_counts": [
        [
          "Line",
          81
        ],
        [
          "Span",
          4
        ],
        [
          "Text",
          2
        ],
        [
          "SectionHeader",
          1
        ],
        [
          "Figure",
          1
        ],
        [
          "PageFooter",
          1
        ]
      ],
      "block_metadata": {
        "llm_request_count": 0,
        "llm_error_count": 0,
        "llm_tokens_used": 0,
        "previous_text": "",
        "previous_type": "",
        "previous_order": 0
      }
    },
    {
      "page_id": 5,
      "text_extraction_method": "surya",
      "block_counts": [
        [
          "Line",
          52
        ],
        [
          "SectionHeader",
          1
        ],
        [
          "Figure",
          1
        ],
        [
          "PageFooter",
          1
        ],
        [
          "Span",
          1
        ]
      ],
      "block_metadata": {
        "llm_request_count": 0,
        "llm_error_count": 0,
        "llm_tokens_used": 0,
        "previous_text": "",
        "previous_type": "",
        "previous_order": 0
      }
    },
    {
      "page_id": 6,
      "text_extraction_method": "pdftext",
      "block_counts": [
        [
          "Span",
          81
        ],
        [
          "Line",
          38
        ],
        [
          "SectionHeader",
          2
        ],
        [
          "ListItem",
          2
        ],
        [
          "Picture",
          2
        ],
        [
          "PageFooter",
          2
        ],
        [
          "Figure",
          1
        ],
        [
          "ListGroup",
          1
        ]
      ],
      "block_metadata": {
        "llm_request_count": 0,
        "llm_error_count": 0,
        "llm_tokens_used": 0,
        "previous_text": "",
        "previous_type": "",
        "previous_order": 0
      }
    },
    {
      "page_id": 7,
      "text_extraction_method": "surya",
      "block_counts": [
        [
          "Line",
          67
        ],
        [
          "Span",
          3
        ],
        [
          "Picture",
          2
        ],
        [
          "SectionHeader",
          1
        ],
        [
          "Text",
          1
        ],
        [
          "PageFooter",
          1
        ]
      ],
      "block_metadata": {
        "llm_request_count": 0,
        "llm_error_count": 0,
        "llm_tokens_used": 0,
        "previous_text": "",
        "previous_type": "",
        "previous_order": 0
      }
    },
    {
      "page_id": 8,
      "text_extraction_method": "surya",
      "block_counts": [
        [
          "Line",
          63
        ],
        [
          "Span",
          2
        ],
        [
          "SectionHeader",
          1
        ],
        [
          "Figure",
          1
        ],
        [
          "Picture",
          1
        ],
        [
          "Text",
          1
        ],
        [
          "PageFooter",
          1
        ]
      ],
      "block_metadata": {
        "llm_request_count": 0,
        "llm_error_count": 0,
        "llm_tokens_used": 0,
        "previous_text": "",
        "previous_type": "",
        "previous_order": 0
      }
    },
    {
      "page_id": 9,
      "text_extraction_method": "surya",
      "block_counts": [
        [
          "Line",
          59
        ],
        [
          "Picture",
          2
        ],
        [
          "Span",
          2
        ],
        [
          "SectionHeader",
          1
        ],
        [
          "PageFooter",
          1
        ]
      ],
      "block_metadata": {
        "llm_request_count": 0,
        "llm_error_count": 0,
        "llm_tokens_used": 0,
        "previous_text": "",
        "previous_type": "",
        "previous_order": 0
      }
    },
    {
      "page_id": 10,
      "text_extraction_method": "pdftext",
      "block_counts": [
        [
          "Span",
          87
        ],
        [
          "Line",
          25
        ],
        [
          "SectionHeader",
          1
        ],
        [
          "Figure",
          1
        ],
        [
          "Picture",
          1
        ],
        [
          "PageFooter",
          1
        ]
      ],
      "block_metadata": {
        "llm_request_count": 0,
        "llm_error_count": 0,
        "llm_tokens_used": 0,
        "previous_text": "",
        "previous_type": "",
        "previous_order": 0
      }
    },
    {
      "page_id": 11,
      "text_extraction_method": "pdftext",
      "block_counts": [
        [
          "Span",
          105
        ],
        [
          "TableCell",
          48
        ],
        [
          "Line",
          19
        ],
        [
          "ListItem",
          2
        ],
        [
          "SectionHeader",
          1
        ],
        [
          "Table",
          1
        ],
        [
          "Picture",
          1
        ],
        [
          "PageFooter",
          1
        ],
        [
          "ListGroup",
          1
        ]
      ],
      "block_metadata": {
        "llm_request_count": 0,
        "llm_error_count": 0,
        "llm_tokens_used": 0,
        "previous_text": "",
        "previous_type": "",
        "previous_order": 0
      }
    },
    {
      "page_id": 12,
      "text_extraction_method": "pdftext",
      "block_counts": [
        [
          "Span",
          106
        ],
        [
          "TableCell",
          52
        ],
        [
          "Line",
          19
        ],
        [
          "ListItem",
          3
        ],
        [
          "SectionHeader",
          1
        ],
        [
          "Table",
          1
        ],
        [
          "Picture",
          1
        ],
        [
          "PageFooter",
          1
        ],
        [
          "ListGroup",
          1
        ]
      ],
      "block_metadata": {
        "llm_request_count": 0,
        "llm_error_count": 0,
        "llm_tokens_used": 0,
        "previous_text": "",
        "previous_type": "",
        "previous_order": 0
      }
    },
    {
      "page_id": 13,
      "text_extraction_method": "pdftext",
      "block_counts": [
        [
          "Span",
          115
        ],
        [
          "Line",
          38
        ],
        [
          "Picture",
          2
        ],
        [
          "PageFooter",
          2
        ],
        [
          "SectionHeader",
          1
        ]
      ],
      "block_metadata": {
        "llm_request_count": 0,
        "llm_error_count": 0,
        "llm_tokens_used": 0,
        "previous_text": "",
        "previous_type": "",
        "previous_order": 0
      }
    },
    {
      "page_id": 14,
      "text_extraction_method": "pdftext",
      "block_counts": [
        [
          "Span",
          133
        ],
        [
          "Line",
          48
        ],
        [
          "SectionHeader",
          1
        ],
        [
          "Figure",
          1
        ],
        [
          "Picture",
          1
        ],
        [
          "PageFooter",
          1
        ]
      ],
      "block_metadata": {
        "llm_request_count": 0,
        "llm_error_count": 0,
        "llm_tokens_used": 0,
        "previous_text": "",
        "previous_type": "",
        "previous_order": 0
      }
    },
    {
      "page_id": 15,
      "text_extraction_method": "pdftext",
      "block_counts": [
        [
          "Span",
          201
        ],
        [
          "TableCell",
          120
        ],
        [
          "Line",
          30
        ],
        [
          "PageFooter",
          2
        ],
        [
          "SectionHeader",
          1
        ],
        [
          "Table",
          1
        ],
        [
          "Picture",
          1
        ]
      ],
      "block_metadata": {
        "llm_request_count": 0,
        "llm_error_count": 0,
        "llm_tokens_used": 0,
        "previous_text": "",
        "previous_type": "",
        "previous_order": 0
      }
    },
    {
      "page_id": 16,
      "text_extraction_method": "pdftext",
      "block_counts": [
        [
          "Span",
          229
        ],
        [
          "TableCell",
          154
        ],
        [
          "Line",
          17
        ],
        [
          "Table",
          2
        ],
        [
          "PageFooter",
          2
        ],
        [
          "SectionHeader",
          1
        ],
        [
          "Picture",
          1
        ]
      ],
      "block_metadata": {
        "llm_request_count": 0,
        "llm_error_count": 0,
        "llm_tokens_used": 0,
        "previous_text": "",
        "previous_type": "",
        "previous_order": 0
      }
    },
    {
      "page_id": 17,
      "text_extraction_method": "pdftext",
      "block_counts": [
        [
          "Span",
          86
        ],
        [
          "Line",
          16
        ],
        [
          "SectionHeader",
          1
        ],
        [
          "Figure",
          1
        ],
        [
          "Picture",
          1
        ],
        [
          "PageFooter",
          1
        ]
      ],
      "block_metadata": {
        "llm_request_count": 0,
        "llm_error_count": 0,
        "llm_tokens_used": 0,
        "previous_text": "",
        "previous_type": "",
        "previous_order": 0
      }
    },
    {
      "page_id": 18,
      "text_extraction_method": "pdftext",
      "block_counts": [
        [
          "Span",
          85
        ],
        [
          "Line",
          12
        ],
        [
          "SectionHeader",
          1
        ],
        [
          "Figure",
          1
        ],
        [
          "Picture",
          1
        ],
        [
          "PageFooter",
          1
        ]
      ],
      "block_metadata": {
        "llm_request_count": 0,
        "llm_error_count": 0,
        "llm_tokens_used": 0,
        "previous_text": "",
        "previous_type": "",
        "previous_order": 0
      }
    },
    {
      "page_id": 19,
      "text_extraction_method": "pdftext",
      "block_counts": [
        [
          "Span",
          47
        ],
        [
          "Line",
          20
        ],
        [
          "Picture",
          2
        ],
        [
          "PageFooter",
          2
        ],
        [
          "SectionHeader",
          1
        ],
        [
          "Text",
          1
        ]
      ],
      "block_metadata": {
        "llm_request_count": 0,
        "llm_error_count": 0,
        "llm_tokens_used": 0,
        "previous_text": "",
        "previous_type": "",
        "previous_order": 0
      }
    },
    {
      "page_id": 20,
      "text_extraction_method": "pdftext",
      "block_counts": [
        [
          "Span",
          19
        ],
        [
          "Line",
          10
        ],
        [
          "Text",
          4
        ],
        [
          "SectionHeader",
          1
        ],
        [
          "Picture",
          1
        ],
        [
          "PageFooter",
          1
        ]
      ],
      "block_metadata": {
        "llm_request_count": 0,
        "llm_error_count": 0,
        "llm_tokens_used": 0,
        "previous_text": "",
        "previous_type": "",
        "previous_order": 0
      }
    },
    {
      "page_id": 21,
      "text_extraction_method": "pdftext",
      "block_counts": [
        [
          "Span",
          7
        ],
        [
          "Line",
          4
        ],
        [
          "Picture",
          1
        ],
        [
          "SectionHeader",
          1
        ],
        [
          "Text",
          1
        ]
      ],
      "block_metadata": {
        "llm_request_count": 0,
        "llm_error_count": 0,
        "llm_tokens_used": 0,
        "previous_text": "",
        "previous_type": "",
        "previous_order": 0
      }
    },
    {
      "page_id": 22,
      "text_extraction_method": "pdftext",
      "block_counts": [
        [
          "Span",
          155
        ],
        [
          "TableCell",
          76
        ],
        [
          "Line",
          22
        ],
        [
          "SectionHeader",
          1
        ],
        [
          "Table",
          1
        ],
        [
          "Picture",
          1
        ],
        [
          "PageFooter",
          1
        ]
      ],
      "block_metadata": {
        "llm_request_count": 0,
        "llm_error_count": 0,
        "llm_tokens_used": 0,
        "previous_text": "",
        "previous_type": "",
        "previous_order": 0
      }
    },
    {
      "page_id": 23,
      "text_extraction_method": "pdftext",
      "block_counts": [
        [
          "Span",
          137
        ],
        [
          "TableCell",
          57
        ],
        [
          "Line",
          33
        ],
        [
          "Text",
          15
        ],
        [
          "SectionHeader",
          3
        ],
        [
          "Table",
          2
        ],
        [
          "Picture",
          2
        ],
        [
          "PageFooter",
          1
        ]
      ],
      "block_metadata": {
        "llm_request_count": 0,
        "llm_error_count": 0,
        "llm_tokens_used": 0,
        "previous_text": "",
        "previous_type": "",
        "previous_order": 0
      }
    },
    {
      "page_id": 24,
      "text_extraction_method": "pdftext",
      "block_counts": [
        [
          "Span",
          121
        ],
        [
          "Line",
          31
        ],
        [
          "SectionHeader",
          1
        ],
        [
          "Figure",
          1
        ],
        [
          "Picture",
          1
        ],
        [
          "PageFooter",
          1
        ]
      ],
      "block_metadata": {
        "llm_request_count": 0,
        "llm_error_count": 0,
        "llm_tokens_used": 0,
        "previous_text": "",
        "previous_type": "",
        "previous_order": 0
      }
    },
    {
      "page_id": 25,
      "text_extraction_method": "pdftext",
      "block_counts": [
        [
          "Span",
          53
        ],
        [
          "TableCell",
          26
        ],
        [
          "Line",
          11
        ],
        [
          "PageFooter",
          2
        ],
        [
          "SectionHeader",
          1
        ],
        [
          "Table",
          1
        ],
        [
          "Picture",
          1
        ]
      ],
      "block_metadata": {
        "llm_request_count": 0,
        "llm_error_count": 0,
        "llm_tokens_used": 0,
        "previous_text": "",
        "previous_type": "",
        "previous_order": 0
      }
    },
    {
      "page_id": 26,
      "text_extraction_method": "pdftext",
      "block_counts": [
        [
          "Span",
          139
        ],
        [
          "TableCell",
          107
        ],
        [
          "Line",
          18
        ],
        [
          "Table",
          2
        ],
        [
          "SectionHeader",
          1
        ],
        [
          "Picture",
          1
        ],
        [
          "PageFooter",
          1
        ]
      ],
      "block_metadata": {
        "llm_request_count": 0,
        "llm_error_count": 0,
        "llm_tokens_used": 0,
        "previous_text": "",
        "previous_type": "",
        "previous_order": 0
      }
    },
    {
      "page_id": 27,
      "text_extraction_method": "pdftext",
      "block_counts": [
        [
          "Span",
          81
        ],
        [
          "Line",
          25
        ],
        [
          "Picture",
          2
        ],
        [
          "PageFooter",
          2
        ],
        [
          "SectionHeader",
          1
        ]
      ],
      "block_metadata": {
        "llm_request_count": 0,
        "llm_error_count": 0,
        "llm_tokens_used": 0,
        "previous_text": "",
        "previous_type": "",
        "previous_order": 0
      }
    },
    {
      "page_id": 28,
      "text_extraction_method": "pdftext",
      "block_counts": [
        [
          "Span",
          73
        ],
        [
          "Line",
          19
        ],
        [
          "Picture",
          2
        ],
        [
          "SectionHeader",
          1
        ],
        [
          "PageFooter",
          1
        ]
      ],
      "block_metadata": {
        "llm_request_count": 0,
        "llm_error_count": 0,
        "llm_tokens_used": 0,
        "previous_text": "",
        "previous_type": "",
        "previous_order": 0
      }
    },
    {
      "page_id": 29,
      "text_extraction_method": "pdftext",
      "block_counts": [
        [
          "Span",
          7
        ],
        [
          "Line",
          4
        ],
        [
          "Picture",
          1
        ],
        [
          "SectionHeader",
          1
        ],
        [
          "Text",
          1
        ]
      ],
      "block_metadata": {
        "llm_request_count": 0,
        "llm_error_count": 0,
        "llm_tokens_used": 0,
        "previous_text": "",
        "previous_type": "",
        "previous_order": 0
      }
    }
  ],
  "debug_data_path": "debug_data/2Q24_CFO_presentation"
}