{
  "table_of_contents": [
    {
      "title": "Record full-year income and earnings",
      "heading_level": null,
      "page_id": 0,
      "polygon": [
        [
          236.69131469726562,
          198.28125
        ],
        [
          880.8466186523438,
          198.28125
        ],
        [
          880.8466186523438,
          236.24319458007812
        ],
        [
          236.69131469726562,
          236.24319458007812
        ]
      ]
    },
    {
      "title": "Highlights",
      "heading_level": null,
      "page_id": 1,
      "polygon": [
        [
          65.56339263916016,
          18.984375
        ],
        [
          202.18995666503906,
          18.984375
        ],
        [
          202.18995666503906,
          47.709747314453125
        ],
        [
          65.56339263916016,
          47.709747314453125
        ]
      ]
    },
    {
      "title": "Full-year net profit at new high of $11.4 billion, ROE of 18.0% sustained at previous year's record",
      "heading_level": null,
      "page_id": 1,
      "polygon": [
        [
          65.625,
          59.0625
        ],
        [
          889.4651489257812,
          59.0625
        ],
        [
          889.4651489257812,
          78.39706420898438
        ],
        [
          65.625,
          78.39706420898438
        ]
      ]
    },
    {
      "title": "Fourth quarter net profit up 10% YoY to $2.62 billion",
      "heading_level": null,
      "page_id": 1,
      "polygon": [
        [
          65.625,
          236.77734375
        ],
        [
          507.503662109375,
          236.77734375
        ],
        [
          507.503662109375,
          255.74874877929688
        ],
        [
          65.625,
          255.74874877929688
        ]
      ]
    },
    {
      "title": "Balance sheet remains healthy",
      "heading_level": null,
      "page_id": 1,
      "polygon": [
        [
          63.75,
          309.55078125
        ],
        [
          328.6304931640625,
          309.55078125
        ],
        [
          328.6304931640625,
          329.181884765625
        ],
        [
          63.75,
          329.181884765625
        ]
      ]
    },
    {
      "title": "FY net profit up 11% to new high",
      "heading_level": null,
      "page_id": 2,
      "polygon": [
        [
          61.5,
          23.994140625
        ],
        [
          498.0,
          23.994140625
        ],
        [
          498.0,
          50.888671875
        ],
        [
          61.5,
          50.888671875
        ]
      ]
    },
    {
      "title": "4Q net profit up 10% YoY",
      "heading_level": null,
      "page_id": 3,
      "polygon": [
        [
          64.29039001464844,
          24.2578125
        ],
        [
          396.2762145996094,
          24.2578125
        ],
        [
          396.2762145996094,
          54.1015625
        ],
        [
          64.29039001464844,
          54.1015625
        ]
      ]
    },
    {
      "title": "4Q net profit declines 13% QoQ",
      "heading_level": null,
      "page_id": 4,
      "polygon": [
        [
          64.29039001464844,
          23.73046875
        ],
        [
          483.00537109375,
          23.73046875
        ],
        [
          483.00537109375,
          54.1015625
        ],
        [
          64.29039001464844,
          54.1015625
        ]
      ]
    },
    {
      "title": "4Q group net interest income up 4% QoQ, NIM up 4bp as higher markets trading more than offsets lower commercial book",
      "heading_level": null,
      "page_id": 5,
      "polygon": [
        [
          61.5,
          24.75
        ],
        [
          915.0,
          24.75
        ],
        [
          915.0,
          85.693359375
        ],
        [
          61.5,
          85.693359375
        ]
      ]
    },
    {
      "title": "Loans up 1% QoQ, 3% over FY in constant-currency terms",
      "heading_level": null,
      "page_id": 6,
      "polygon": [
        [
          63.75,
          23.203125
        ],
        [
          849.4613647460938,
          23.203125
        ],
        [
          849.4613647460938,
          53.1575927734375
        ],
        [
          63.75,
          53.1575927734375
        ]
      ]
    },
    {
      "title": "In constant-currency terms",
      "heading_level": null,
      "page_id": 6,
      "polygon": [
        [
          706.875,
          204.08203125
        ],
        [
          918.5431518554688,
          204.08203125
        ],
        [
          918.5431518554688,
          222.00552368164062
        ],
        [
          706.875,
          222.00552368164062
        ]
      ]
    },
    {
      "title": "Deposits stable QoQ, up 4% over FY in constant-currency terms",
      "heading_level": null,
      "page_id": 7,
      "polygon": [
        [
          60.0,
          24.521484375
        ],
        [
          918.18994140625,
          24.521484375
        ],
        [
          918.18994140625,
          53.1575927734375
        ],
        [
          60.0,
          53.1575927734375
        ]
      ]
    },
    {
      "title": "FY fee income rises to record led by wealth management",
      "heading_level": null,
      "page_id": 8,
      "polygon": [
        [
          65.13599395751953,
          23.203125
        ],
        [
          821.1746826171875,
          23.203125
        ],
        [
          821.1746826171875,
          53.157989501953125
        ],
        [
          65.13599395751953,
          53.157989501953125
        ]
      ]
    },
    {
      "title": "FY commercial book non-interest income up 22% from record fee income and treasury customer sales",
      "heading_level": null,
      "page_id": 9,
      "polygon": [
        [
          51.75,
          24.75
        ],
        [
          876.0,
          24.75
        ],
        [
          876.0,
          83.84765625
        ],
        [
          51.75,
          83.84765625
        ]
      ]
    },
    {
      "title": "FY cost-income ratio unchanged at 40%",
      "heading_level": null,
      "page_id": 10,
      "polygon": [
        [
          63.75,
          22.67578125
        ],
        [
          595.8101806640625,
          22.67578125
        ],
        [
          595.8101806640625,
          53.36016845703125
        ],
        [
          63.75,
          53.36016845703125
        ]
      ]
    },
    {
      "title": "FY CBG / WM income up 13%",
      "heading_level": null,
      "page_id": 11,
      "polygon": [
        [
          65.13599395751953,
          24.2578125
        ],
        [
          462.30487060546875,
          24.2578125
        ],
        [
          462.30487060546875,
          53.15838623046875
        ],
        [
          65.13599395751953,
          53.15838623046875
        ]
      ]
    },
    {
      "title": "Record FY Wealth Management income from AUM inflows \nand conversion to investments",
      "heading_level": null,
      "page_id": 12,
      "polygon": [
        [
          66.26099395751953,
          23.994140625
        ],
        [
          842.6098022460938,
          23.994140625
        ],
        [
          842.6098022460938,
          86.76589965820312
        ],
        [
          66.26099395751953,
          86.76589965820312
        ]
      ]
    },
    {
      "title": "FY IBG income declines 2%",
      "heading_level": null,
      "page_id": 13,
      "polygon": [
        [
          63.75,
          23.466796875
        ],
        [
          432.10809326171875,
          23.466796875
        ],
        [
          432.10809326171875,
          53.15838623046875
        ],
        [
          63.75,
          53.15838623046875
        ]
      ]
    },
    {
      "title": "FY treasury customer income up 20% to record, markets \ntrading income rebounds",
      "heading_level": null,
      "page_id": 14,
      "polygon": [
        [
          62.2671012878418,
          23.73046875
        ],
        [
          821.9072265625,
          23.73046875
        ],
        [
          821.9072265625,
          86.76589965820312
        ],
        [
          62.2671012878418,
          86.76589965820312
        ]
      ]
    },
    {
      "title": "Hong Kong FY net profit stable at $1.6bn",
      "heading_level": null,
      "page_id": 15,
      "polygon": [
        [
          63.75,
          24.2578125
        ],
        [
          607.5,
          24.2578125
        ],
        [
          607.5,
          54.1015625
        ],
        [
          63.75,
          54.1015625
        ]
      ]
    },
    {
      "title": "NPA rises 4% QoQ in constant-currency terms as new NPA \nformation partially offset by repayments and write-offs",
      "heading_level": null,
      "page_id": 16,
      "polygon": [
        [
          64.29039001464844,
          25.048828125
        ],
        [
          852.1220092773438,
          25.048828125
        ],
        [
          852.1220092773438,
          87.70947265625
        ],
        [
          64.29039001464844,
          87.70947265625
        ]
      ]
    },
    {
      "title": "4Q SP at 20bp, FY at 13bp",
      "heading_level": null,
      "page_id": 17,
      "polygon": [
        [
          61.875,
          24.78515625
        ],
        [
          408.762939453125,
          24.78515625
        ],
        [
          408.762939453125,
          54.1015625
        ],
        [
          61.875,
          54.1015625
        ]
      ]
    },
    {
      "title": "Allowance coverage at 129%",
      "heading_level": null,
      "page_id": 18,
      "polygon": [
        [
          62.8125,
          24.78515625
        ],
        [
          446.1874084472656,
          24.78515625
        ],
        [
          446.1874084472656,
          54.1015625
        ],
        [
          62.8125,
          54.1015625
        ]
      ]
    },
    {
      "title": "Strong CET-1 and leverage ratios",
      "heading_level": null,
      "page_id": 19,
      "polygon": [
        [
          66.26099395751953,
          23.203125
        ],
        [
          506.994384765625,
          23.203125
        ],
        [
          506.994384765625,
          53.157867431640625
        ],
        [
          66.26099395751953,
          53.157867431640625
        ]
      ]
    },
    {
      "title": "4Q ordinary dividend at 60 cents per share, up 6 cents from \nprevious payout",
      "heading_level": null,
      "page_id": 20,
      "polygon": [
        [
          65.625,
          23.466796875
        ],
        [
          865.3860473632812,
          23.466796875
        ],
        [
          865.3860473632812,
          86.76589965820312
        ],
        [
          65.625,
          86.76589965820312
        ]
      ]
    },
    {
      "title": "In summary",
      "heading_level": null,
      "page_id": 21,
      "polygon": [
        [
          66.26099395751953,
          24.521484375
        ],
        [
          230.73287963867188,
          24.521484375
        ],
        [
          230.73287963867188,
          53.157867431640625
        ],
        [
          66.26099395751953,
          53.157867431640625
        ]
      ]
    },
    {
      "title": "Supplementary slides",
      "heading_level": null,
      "page_id": 22,
      "polygon": [
        [
          508.125,
          200.91796875
        ],
        [
          880.7875366210938,
          200.91796875
        ],
        [
          880.7875366210938,
          237.5289306640625
        ],
        [
          508.125,
          237.5289306640625
        ]
      ]
    },
    {
      "title": "FY net profit up 11% to record $11.4bn",
      "heading_level": null,
      "page_id": 23,
      "polygon": [
        [
          64.29039001464844,
          24.78515625
        ],
        [
          572.9022216796875,
          24.78515625
        ],
        [
          572.9022216796875,
          54.1015625
        ],
        [
          64.29039001464844,
          54.1015625
        ]
      ]
    },
    {
      "title": "FY Hong Kong net profit stable at $1.6bn",
      "heading_level": null,
      "page_id": 24,
      "polygon": [
        [
          64.29039001464844,
          24.78515625
        ],
        [
          605.6574096679688,
          24.78515625
        ],
        [
          605.6574096679688,
          54.1015625
        ],
        [
          64.29039001464844,
          54.1015625
        ]
      ]
    },
    {
      "title": "Constant-currency terms",
      "heading_level": null,
      "page_id": 24,
      "polygon": [
        [
          711.5625,
          69.345703125
        ],
        [
          902.4490356445312,
          69.345703125
        ],
        [
          902.4490356445312,
          87.20343017578125
        ],
        [
          711.5625,
          87.20343017578125
        ]
      ]
    },
    {
      "title": "NPL ratio at 1.1%, allowance coverage above 100%",
      "heading_level": null,
      "page_id": 25,
      "polygon": [
        [
          63.75,
          24.521484375
        ],
        [
          741.6578369140625,
          24.521484375
        ],
        [
          741.6578369140625,
          54.1015625
        ],
        [
          63.75,
          54.1015625
        ]
      ]
    },
    {
      "title": "Fixed income duration remains short",
      "heading_level": null,
      "page_id": 26,
      "polygon": [
        [
          63.75,
          24.521484375
        ],
        [
          556.20166015625,
          24.521484375
        ],
        [
          556.20166015625,
          54.1015625
        ],
        [
          63.75,
          54.1015625
        ]
      ]
    },
    {
      "title": "Deposits up 2% HoH and 4% YoY in constant-currency terms",
      "heading_level": null,
      "page_id": 27,
      "polygon": [
        [
          61.875,
          25.048828125
        ],
        [
          872.5775756835938,
          25.048828125
        ],
        [
          872.5775756835938,
          54.1015625
        ],
        [
          61.875,
          54.1015625
        ]
      ]
    },
    {
      "title": "FY GTS income down 6% from previous year's record",
      "heading_level": null,
      "page_id": 28,
      "polygon": [
        [
          66.26099395751953,
          23.466796875
        ],
        [
          780.1525268554688,
          23.466796875
        ],
        [
          780.1525268554688,
          53.157989501953125
        ],
        [
          66.26099395751953,
          53.157989501953125
        ]
      ]
    },
    {
      "title": "Record full-year income and earnings",
      "heading_level": null,
      "page_id": 29,
      "polygon": [
        [
          236.69131469726562,
          198.28125
        ],
        [
          880.8466186523438,
          198.28125
        ],
        [
          880.8466186523438,
          236.24319458007812
        ],
        [
          236.69131469726562,
          236.24319458007812
        ]
      ]
    }
  ],
  "page_stats": [
    {
      "page_id": 0,
      "text_extraction_method": "pdftext",
      "block_counts": [
        [
          "Span",
          7
        ],
        [
          "Line",
          4
        ],
        [
          "Picture",
          1
        ],
        [
          "SectionHeader",
          1
        ],
        [
          "Text",
          1
        ]
      ],
      "block_metadata": {
        "llm_request_count": 0,
        "llm_error_count": 0,
        "llm_tokens_used": 0,
        "previous_text": "",
        "previous_type": "",
        "previous_order": 0
      }
    },
    {
      "page_id": 1,
      "text_extraction_method": "pdftext",
      "block_counts": [
        [
          "Span",
          51
        ],
        [
          "Line",
          19
        ],
        [
          "ListItem",
          9
        ],
        [
          "SectionHeader",
          4
        ],
        [
          "Text",
          2
        ],
        [
          "ListGroup",
          2
        ],
        [
          "Picture",
          1
        ],
        [
          "PageFooter",
          1
        ]
      ],
      "block_metadata": {
        "llm_request_count": 0,
        "llm_error_count": 0,
        "llm_tokens_used": 0,
        "previous_text": "",
        "previous_type": "",
        "previous_order": 0
      }
    },
    {
      "page_id": 2,
      "text_extraction_method": "surya",
      "block_counts": [
        [
          "Line",
          86
        ],
        [
          "Span",
          3
        ],
        [
          "SectionHeader",
          1
        ],
        [
          "Figure",
          1
        ],
        [
          "PageFooter",
          1
        ],
        [
          "Text",
          1
        ]
      ],
      "block_metadata": {
        "llm_request_count": 0,
        "llm_error_count": 0,
        "llm_tokens_used": 0,
        "previous_text": "",
        "previous_type": "",
        "previous_order": 0
      }
    },
    {
      "page_id": 3,
      "text_extraction_method": "pdftext",
      "block_counts": [
        [
          "Span",
          169
        ],
        [
          "Line",
          67
        ],
        [
          "TableCell",
          30
        ],
        [
          "ListItem",
          4
        ],
        [
          "SectionHeader",
          1
        ],
        [
          "Table",
          1
        ],
        [
          "Figure",
          1
        ],
        [
          "Text",
          1
        ],
        [
          "ListGroup",
          1
        ]
      ],
      "block_metadata": {
        "llm_request_count": 0,
        "llm_error_count": 0,
        "llm_tokens_used": 0,
        "previous_text": "",
        "previous_type": "",
        "previous_order": 0
      }
    },
    {
      "page_id": 4,
      "text_extraction_method": "pdftext",
      "block_counts": [
        [
          "Span",
          165
        ],
        [
          "Line",
          60
        ],
        [
          "TableCell",
          22
        ],
        [
          "SectionHeader",
          1
        ],
        [
          "Table",
          1
        ],
        [
          "PageFooter",
          1
        ],
        [
          "Text",
          1
        ]
      ],
      "block_metadata": {
        "llm_request_count": 0,
        "llm_error_count": 0,
        "llm_tokens_used": 0,
        "previous_text": "",
        "previous_type": "",
        "previous_order": 0
      }
    },
    {
      "page_id": 5,
      "text_extraction_method": "surya",
      "block_counts": [
        [
          "Line",
          46
        ],
        [
          "SectionHeader",
          1
        ],
        [
          "Figure",
          1
        ],
        [
          "PageFooter",
          1
        ],
        [
          "Span",
          1
        ]
      ],
      "block_metadata": {
        "llm_request_count": 0,
        "llm_error_count": 0,
        "llm_tokens_used": 0,
        "previous_text": "",
        "previous_type": "",
        "previous_order": 0
      }
    },
    {
      "page_id": 6,
      "text_extraction_method": "pdftext",
      "block_counts": [
        [
          "Span",
          87
        ],
        [
          "Line",
          41
        ],
        [
          "SectionHeader",
          2
        ],
        [
          "ListItem",
          2
        ],
        [
          "Picture",
          2
        ],
        [
          "Figure",
          1
        ],
        [
          "Text",
          1
        ],
        [
          "PageFooter",
          1
        ],
        [
          "ListGroup",
          1
        ]
      ],
      "block_metadata": {
        "llm_request_count": 0,
        "llm_error_count": 0,
        "llm_tokens_used": 0,
        "previous_text": "",
        "previous_type": "",
        "previous_order": 0
      }
    },
    {
      "page_id": 7,
      "text_extraction_method": "pdftext",
      "block_counts": [
        [
          "Span",
          106
        ],
        [
          "Line",
          51
        ],
        [
          "SectionHeader",
          1
        ],
        [
          "Figure",
          1
        ],
        [
          "Picture",
          1
        ],
        [
          "Text",
          1
        ],
        [
          "PageFooter",
          1
        ]
      ],
      "block_metadata": {
        "llm_request_count": 0,
        "llm_error_count": 0,
        "llm_tokens_used": 0,
        "previous_text": "",
        "previous_type": "",
        "previous_order": 0
      }
    },
    {
      "page_id": 8,
      "text_extraction_method": "pdftext",
      "block_counts": [
        [
          "Span",
          155
        ],
        [
          "Line",
          48
        ],
        [
          "SectionHeader",
          1
        ],
        [
          "Figure",
          1
        ],
        [
          "Picture",
          1
        ],
        [
          "Text",
          1
        ],
        [
          "PageFooter",
          1
        ]
      ],
      "block_metadata": {
        "llm_request_count": 0,
        "llm_error_count": 0,
        "llm_tokens_used": 0,
        "previous_text": "",
        "previous_type": "",
        "previous_order": 0
      }
    },
    {
      "page_id": 9,
      "text_extraction_method": "surya",
      "block_counts": [
        [
          "Line",
          60
        ],
        [
          "Picture",
          2
        ],
        [
          "Span",
          2
        ],
        [
          "SectionHeader",
          1
        ],
        [
          "PageFooter",
          1
        ]
      ],
      "block_metadata": {
        "llm_request_count": 0,
        "llm_error_count": 0,
        "llm_tokens_used": 0,
        "previous_text": "",
        "previous_type": "",
        "previous_order": 0
      }
    },
    {
      "page_id": 10,
      "text_extraction_method": "pdftext",
      "block_counts": [
        [
          "Span",
          75
        ],
        [
          "Line",
          21
        ],
        [
          "SectionHeader",
          1
        ],
        [
          "Figure",
          1
        ],
        [
          "Picture",
          1
        ],
        [
          "PageFooter",
          1
        ]
      ],
      "block_metadata": {
        "llm_request_count": 0,
        "llm_error_count": 0,
        "llm_tokens_used": 0,
        "previous_text": "",
        "previous_type": "",
        "previous_order": 0
      }
    },
    {
      "page_id": 11,
      "text_extraction_method": "pdftext",
      "block_counts": [
        [
          "Span",
          97
        ],
        [
          "TableCell",
          44
        ],
        [
          "Line",
          18
        ],
        [
          "ListItem",
          2
        ],
        [
          "SectionHeader",
          1
        ],
        [
          "Table",
          1
        ],
        [
          "Picture",
          1
        ],
        [
          "PageFooter",
          1
        ],
        [
          "ListGroup",
          1
        ]
      ],
      "block_metadata": {
        "llm_request_count": 0,
        "llm_error_count": 0,
        "llm_tokens_used": 0,
        "previous_text": "",
        "previous_type": "",
        "previous_order": 0
      }
    },
    {
      "page_id": 12,
      "text_extraction_method": "pdftext",
      "block_counts": [
        [
          "Span",
          139
        ],
        [
          "Line",
          44
        ],
        [
          "Picture",
          2
        ],
        [
          "PageFooter",
          2
        ],
        [
          "SectionHeader",
          1
        ]
      ],
      "block_metadata": {
        "llm_request_count": 0,
        "llm_error_count": 0,
        "llm_tokens_used": 0,
        "previous_text": "",
        "previous_type": "",
        "previous_order": 0
      }
    },
    {
      "page_id": 13,
      "text_extraction_method": "pdftext",
      "block_counts": [
        [
          "Span",
          103
        ],
        [
          "TableCell",
          48
        ],
        [
          "Line",
          18
        ],
        [
          "ListItem",
          2
        ],
        [
          "SectionHeader",
          1
        ],
        [
          "Table",
          1
        ],
        [
          "Picture",
          1
        ],
        [
          "PageFooter",
          1
        ],
        [
          "ListGroup",
          1
        ]
      ],
      "block_metadata": {
        "llm_request_count": 0,
        "llm_error_count": 0,
        "llm_tokens_used": 0,
        "previous_text": "",
        "previous_type": "",
        "previous_order": 0
      }
    },
    {
      "page_id": 14,
      "text_extraction_method": "pdftext",
      "block_counts": [
        [
          "Span",
          121
        ],
        [
          "Line",
          45
        ],
        [
          "Picture",
          2
        ],
        [
          "SectionHeader",
          1
        ],
        [
          "Text",
          1
        ],
        [
          "PageFooter",
          1
        ]
      ],
      "block_metadata": {
        "llm_request_count": 0,
        "llm_error_count": 0,
        "llm_tokens_used": 0,
        "previous_text": "",
        "previous_type": "",
        "previous_order": 0
      }
    },
    {
      "page_id": 15,
      "text_extraction_method": "pdftext",
      "block_counts": [
        [
          "Span",
          131
        ],
        [
          "TableCell",
          60
        ],
        [
          "Line",
          48
        ],
        [
          "SectionHeader",
          1
        ],
        [
          "Table",
          1
        ],
        [
          "Picture",
          1
        ],
        [
          "PageFooter",
          1
        ]
      ],
      "block_metadata": {
        "llm_request_count": 0,
        "llm_error_count": 0,
        "llm_tokens_used": 0,
        "previous_text": "",
        "previous_type": "",
        "previous_order": 0
      }
    },
    {
      "page_id": 16,
      "text_extraction_method": "pdftext",
      "block_counts": [
        [
          "Span",
          179
        ],
        [
          "TableCell",
          105
        ],
        [
          "Line",
          38
        ],
        [
          "PageFooter",
          2
        ],
        [
          "SectionHeader",
          1
        ],
        [
          "Table",
          1
        ],
        [
          "Picture",
          1
        ]
      ],
      "block_metadata": {
        "llm_request_count": 0,
        "llm_error_count": 0,
        "llm_tokens_used": 0,
        "previous_text": "",
        "previous_type": "",
        "previous_order": 0
      }
    },
    {
      "page_id": 17,
      "text_extraction_method": "pdftext",
      "block_counts": [
        [
          "Span",
          201
        ],
        [
          "TableCell",
          112
        ],
        [
          "Line",
          31
        ],
        [
          "Table",
          2
        ],
        [
          "PageFooter",
          2
        ],
        [
          "SectionHeader",
          1
        ],
        [
          "Picture",
          1
        ]
      ],
      "block_metadata": {
        "llm_request_count": 0,
        "llm_error_count": 0,
        "llm_tokens_used": 0,
        "previous_text": "",
        "previous_type": "",
        "previous_order": 0
      }
    },
    {
      "page_id": 18,
      "text_extraction_method": "pdftext",
      "block_counts": [
        [
          "Span",
          86
        ],
        [
          "Line",
          17
        ],
        [
          "SectionHeader",
          1
        ],
        [
          "Figure",
          1
        ],
        [
          "Picture",
          1
        ],
        [
          "PageFooter",
          1
        ]
      ],
      "block_metadata": {
        "llm_request_count": 0,
        "llm_error_count": 0,
        "llm_tokens_used": 0,
        "previous_text": "",
        "previous_type": "",
        "previous_order": 0
      }
    },
    {
      "page_id": 19,
      "text_extraction_method": "pdftext",
      "block_counts": [
        [
          "Span",
          101
        ],
        [
          "TableCell",
          78
        ],
        [
          "Line",
          19
        ],
        [
          "PageFooter",
          2
        ],
        [
          "SectionHeader",
          1
        ],
        [
          "Table",
          1
        ],
        [
          "Picture",
          1
        ]
      ],
      "block_metadata": {
        "llm_request_count": 0,
        "llm_error_count": 0,
        "llm_tokens_used": 0,
        "previous_text": "",
        "previous_type": "",
        "previous_order": 0
      }
    },
    {
      "page_id": 20,
      "text_extraction_method": "pdftext",
      "block_counts": [
        [
          "Span",
          55
        ],
        [
          "Line",
          23
        ],
        [
          "Picture",
          2
        ],
        [
          "PageFooter",
          2
        ],
        [
          "SectionHeader",
          1
        ]
      ],
      "block_metadata": {
        "llm_request_count": 0,
        "llm_error_count": 0,
        "llm_tokens_used": 0,
        "previous_text": "",
        "previous_type": "",
        "previous_order": 0
      }
    },
    {
      "page_id": 21,
      "text_extraction_method": "pdftext",
      "block_counts": [
        [
          "Span",
          19
        ],
        [
          "Line",
          10
        ],
        [
          "Text",
          3
        ],
        [
          "SectionHeader",
          1
        ],
        [
          "Picture",
          1
        ],
        [
          "PageFooter",
          1
        ]
      ],
      "block_metadata": {
        "llm_request_count": 0,
        "llm_error_count": 0,
        "llm_tokens_used": 0,
        "previous_text": "",
        "previous_type": "",
        "previous_order": 0
      }
    },
    {
      "page_id": 22,
      "text_extraction_method": "pdftext",
      "block_counts": [
        [
          "Span",
          7
        ],
        [
          "Line",
          4
        ],
        [
          "Picture",
          1
        ],
        [
          "SectionHeader",
          1
        ],
        [
          "Text",
          1
        ]
      ],
      "block_metadata": {
        "llm_request_count": 0,
        "llm_error_count": 0,
        "llm_tokens_used": 0,
        "previous_text": "",
        "previous_type": "",
        "previous_order": 0
      }
    },
    {
      "page_id": 23,
      "text_extraction_method": "pdftext",
      "block_counts": [
        [
          "Span",
          155
        ],
        [
          "TableCell",
          76
        ],
        [
          "Line",
          21
        ],
        [
          "SectionHeader",
          1
        ],
        [
          "Table",
          1
        ],
        [
          "Picture",
          1
        ],
        [
          "PageFooter",
          1
        ]
      ],
      "block_metadata": {
        "llm_request_count": 0,
        "llm_error_count": 0,
        "llm_tokens_used": 0,
        "previous_text": "",
        "previous_type": "",
        "previous_order": 0
      }
    },
    {
      "page_id": 24,
      "text_extraction_method": "pdftext",
      "block_counts": [
        [
          "Span",
          137
        ],
        [
          "TableCell",
          57
        ],
        [
          "Line",
          33
        ],
        [
          "Text",
          15
        ],
        [
          "SectionHeader",
          2
        ],
        [
          "Table",
          2
        ],
        [
          "Picture",
          2
        ],
        [
          "PageFooter",
          1
        ]
      ],
      "block_metadata": {
        "llm_request_count": 0,
        "llm_error_count": 0,
        "llm_tokens_used": 0,
        "previous_text": "",
        "previous_type": "",
        "previous_order": 0
      }
    },
    {
      "page_id": 25,
      "text_extraction_method": "pdftext",
      "block_counts": [
        [
          "Span",
          121
        ],
        [
          "Line",
          31
        ],
        [
          "SectionHeader",
          1
        ],
        [
          "Figure",
          1
        ],
        [
          "Picture",
          1
        ],
        [
          "PageFooter",
          1
        ]
      ],
      "block_metadata": {
        "llm_request_count": 0,
        "llm_error_count": 0,
        "llm_tokens_used": 0,
        "previous_text": "",
        "previous_type": "",
        "previous_order": 0
      }
    },
    {
      "page_id": 26,
      "text_extraction_method": "pdftext",
      "block_counts": [
        [
          "Span",
          55
        ],
        [
          "TableCell",
          26
        ],
        [
          "Line",
          11
        ],
        [
          "PageFooter",
          2
        ],
        [
          "SectionHeader",
          1
        ],
        [
          "Table",
          1
        ],
        [
          "Picture",
          1
        ]
      ],
      "block_metadata": {
        "llm_request_count": 0,
        "llm_error_count": 0,
        "llm_tokens_used": 0,
        "previous_text": "",
        "previous_type": "",
        "previous_order": 0
      }
    },
    {
      "page_id": 27,
      "text_extraction_method": "pdftext",
      "block_counts": [
        [
          "Span",
          137
        ],
        [
          "TableCell",
          101
        ],
        [
          "Line",
          18
        ],
        [
          "Table",
          2
        ],
        [
          "SectionHeader",
          1
        ],
        [
          "Picture",
          1
        ],
        [
          "PageFooter",
          1
        ]
      ],
      "block_metadata": {
        "llm_request_count": 0,
        "llm_error_count": 0,
        "llm_tokens_used": 0,
        "previous_text": "",
        "previous_type": "",
        "previous_order": 0
      }
    },
    {
      "page_id": 28,
      "text_extraction_method": "pdftext",
      "block_counts": [
        [
          "Span",
          65
        ],
        [
          "Line",
          19
        ],
        [
          "Picture",
          2
        ],
        [
          "SectionHeader",
          1
        ],
        [
          "PageFooter",
          1
        ]
      ],
      "block_metadata": {
        "llm_request_count": 0,
        "llm_error_count": 0,
        "llm_tokens_used": 0,
        "previous_text": "",
        "previous_type": "",
        "previous_order": 0
      }
    },
    {
      "page_id": 29,
      "text_extraction_method": "pdftext",
      "block_counts": [
        [
          "Span",
          7
        ],
        [
          "Line",
          4
        ],
        [
          "Picture",
          1
        ],
        [
          "SectionHeader",
          1
        ],
        [
          "Text",
          1
        ]
      ],
      "block_metadata": {
        "llm_request_count": 0,
        "llm_error_count": 0,
        "llm_tokens_used": 0,
        "previous_text": "",
        "previous_type": "",
        "previous_order": 0
      }
    }
  ],
  "debug_data_path": "debug_data/4Q24_CFO_presentation"
}