{
  "table_of_contents": [
    {
      "title": "CEO observations",
      "heading_level": null,
      "page_id": 0,
      "polygon": [
        [
          564.375,
          199.599609375
        ],
        [
          880.7718505859375,
          199.599609375
        ],
        [
          880.7718505859375,
          236.24319458007812
        ],
        [
          564.375,
          236.24319458007812
        ]
      ]
    },
    {
      "title": "Strong start to the year",
      "heading_level": null,
      "page_id": 1,
      "polygon": [
        [
          61.875,
          39.0234375
        ],
        [
          371.5730285644531,
          39.0234375
        ],
        [
          371.5730285644531,
          67.6767578125
        ],
        [
          61.875,
          67.6767578125
        ]
      ]
    },
    {
      "title": "Tariffs and geopolitical uncertainty clouding the outlook",
      "heading_level": null,
      "page_id": 2,
      "polygon": [
        [
          61.875,
          37.705078125
        ],
        [
          810.2069091796875,
          37.705078125
        ],
        [
          810.2069091796875,
          67.6767578125
        ],
        [
          61.875,
          67.6767578125
        ]
      ]
    },
    {
      "title": "Geopolitics & Markets",
      "heading_level": null,
      "page_id": 2,
      "polygon": [
        [
          135.9375,
          269.7239685058594
        ],
        [
          388.11871337890625,
          269.7239685058594
        ],
        [
          388.11871337890625,
          293.7239685058594
        ],
        [
          135.9375,
          293.7239685058594
        ]
      ]
    },
    {
      "title": "Shifting trade flows",
      "heading_level": null,
      "page_id": 2,
      "polygon": [
        [
          568.125,
          269.47265625
        ],
        [
          798.3089599609375,
          269.47265625
        ],
        [
          798.3089599609375,
          293.7239685058594
        ],
        [
          568.125,
          293.7239685058594
        ]
      ]
    },
    {
      "title": "Impact of tariffs",
      "heading_level": null,
      "page_id": 3,
      "polygon": [
        [
          62.8125,
          37.44140625
        ],
        [
          273.74383544921875,
          37.44140625
        ],
        [
          273.74383544921875,
          67.6767578125
        ],
        [
          62.8125,
          67.6767578125
        ]
      ]
    },
    {
      "title": "Global challenges",
      "heading_level": null,
      "page_id": 3,
      "polygon": [
        [
          177.65625,
          104.4140625
        ],
        [
          348.95477294921875,
          104.4140625
        ],
        [
          348.95477294921875,
          124.53802490234375
        ],
        [
          177.65625,
          124.53802490234375
        ]
      ]
    },
    {
      "title": "Opportunities for DBS",
      "heading_level": null,
      "page_id": 3,
      "polygon": [
        [
          593.90625,
          102.568359375
        ],
        [
          806.3231201171875,
          102.568359375
        ],
        [
          806.3231201171875,
          124.7755126953125
        ],
        [
          593.90625,
          124.7755126953125
        ]
      ]
    },
    {
      "title": "2025 outlook",
      "heading_level": null,
      "page_id": 4,
      "polygon": [
        [
          65.625,
          36.123046875
        ],
        [
          237.08314514160156,
          36.123046875
        ],
        [
          237.08314514160156,
          65.99346923828125
        ],
        [
          65.625,
          65.99346923828125
        ]
      ]
    },
    {
      "title": "CEO observations",
      "heading_level": null,
      "page_id": 5,
      "polygon": [
        [
          564.375,
          199.599609375
        ],
        [
          880.7718505859375,
          199.599609375
        ],
        [
          880.7718505859375,
          236.24319458007812
        ],
        [
          564.375,
          236.24319458007812
        ]
      ]
    }
  ],
  "page_stats": [
    {
      "page_id": 0,
      "text_extraction_method": "pdftext",
      "block_counts": [
        [
          "Span",
          7
        ],
        [
          "Line",
          4
        ],
        [
          "Picture",
          1
        ],
        [
          "SectionHeader",
          1
        ],
        [
          "Text",
          1
        ]
      ],
      "block_metadata": {
        "llm_request_count": 0,
        "llm_error_count": 0,
        "llm_tokens_used": 0,
        "previous_text": "",
        "previous_type": "",
        "previous_order": 0
      }
    },
    {
      "page_id": 1,
      "text_extraction_method": "pdftext",
      "block_counts": [
        [
          "Span",
          34
        ],
        [
          "Line",
          12
        ],
        [
          "ListItem",
          8
        ],
        [
          "SectionHeader",
          1
        ],
        [
          "Picture",
          1
        ],
        [
          "PageFooter",
          1
        ],
        [
          "ListGroup",
          1
        ]
      ],
      "block_metadata": {
        "llm_request_count": 0,
        "llm_error_count": 0,
        "llm_tokens_used": 0,
        "previous_text": "",
        "previous_type": "",
        "previous_order": 0
      }
    },
    {
      "page_id": 2,
      "text_extraction_method": "pdftext",
      "block_counts": [
        [
          "Span",
          30
        ],
        [
          "Line",
          13
        ],
        [
          "ListItem",
          5
        ],
        [
          "SectionHeader",
          3
        ],
        [
          "Picture",
          3
        ],
        [
          "ListGroup",
          2
        ],
        [
          "PageFooter",
          1
        ]
      ],
      "block_metadata": {
        "llm_request_count": 0,
        "llm_error_count": 0,
        "llm_tokens_used": 0,
        "previous_text": "",
        "previous_type": "",
        "previous_order": 0
      }
    },
    {
      "page_id": 3,
      "text_extraction_method": "pdftext",
      "block_counts": [
        [
          "Span",
          43
        ],
        [
          "Line",
          16
        ],
        [
          "ListItem",
          10
        ],
        [
          "SectionHeader",
          3
        ],
        [
          "ListGroup",
          2
        ],
        [
          "Picture",
          1
        ],
        [
          "PageFooter",
          1
        ]
      ],
      "block_metadata": {
        "llm_request_count": 0,
        "llm_error_count": 0,
        "llm_tokens_used": 0,
        "previous_text": "",
        "previous_type": "",
        "previous_order": 0
      }
    },
    {
      "page_id": 4,
      "text_extraction_method": "pdftext",
      "block_counts": [
        [
          "Span",
          33
        ],
        [
          "Line",
          11
        ],
        [
          "ListItem",
          9
        ],
        [
          "SectionHeader",
          1
        ],
        [
          "Picture",
          1
        ],
        [
          "PageFooter",
          1
        ],
        [
          "ListGroup",
          1
        ]
      ],
      "block_metadata": {
        "llm_request_count": 0,
        "llm_error_count": 0,
        "llm_tokens_used": 0,
        "previous_text": "",
        "previous_type": "",
        "previous_order": 0
      }
    },
    {
      "page_id": 5,
      "text_extraction_method": "pdftext",
      "block_counts": [
        [
          "Span",
          7
        ],
        [
          "Line",
          4
        ],
        [
          "Picture",
          1
        ],
        [
          "SectionHeader",
          1
        ],
        [
          "Text",
          1
        ]
      ],
      "block_metadata": {
        "llm_request_count": 0,
        "llm_error_count": 0,
        "llm_tokens_used": 0,
        "previous_text": "",
        "previous_type": "",
        "previous_order": 0
      }
    }
  ],
  "debug_data_path": "debug_data/1Q25_CEO_presentation"
}