{
  "table_of_contents": [
    {
      "title": "Record first-half income \nand pre-tax profit",
      "heading_level": null,
      "page_id": 0,
      "polygon": [
        [
          462.1875,
          178.2421875
        ],
        [
          890.6815795898438,
          178.2421875
        ],
        [
          890.6815795898438,
          258.3984375
        ],
        [
          462.1875,
          258.3984375
        ]
      ]
    },
    {
      "title": "Highlights",
      "heading_level": null,
      "page_id": 1,
      "polygon": [
        [
          65.56339263916016,
          18.984375
        ],
        [
          202.18995666503906,
          18.984375
        ],
        [
          202.18995666503906,
          47.709747314453125
        ],
        [
          65.56339263916016,
          47.709747314453125
        ]
      ]
    },
    {
      "title": "Balance sheet remains strong",
      "heading_level": null,
      "page_id": 1,
      "polygon": [
        [
          65.625,
          322.20703125
        ],
        [
          322.626953125,
          322.20703125
        ],
        [
          322.626953125,
          340.5329284667969
        ],
        [
          65.625,
          340.5329284667969
        ]
      ]
    },
    {
      "title": "2Q net profit up 1% YoY",
      "heading_level": null,
      "page_id": 2,
      "polygon": [
        [
          63.75,
          23.73046875
        ],
        [
          380.6717224121094,
          23.73046875
        ],
        [
          380.6717224121094,
          54.1015625
        ],
        [
          63.75,
          54.1015625
        ]
      ]
    },
    {
      "title": "2Q net profit declines 3% QoQ",
      "heading_level": null,
      "page_id": 3,
      "polygon": [
        [
          63.75,
          23.73046875
        ],
        [
          467.4482421875,
          23.73046875
        ],
        [
          467.4482421875,
          54.1015625
        ],
        [
          63.75,
          54.1015625
        ]
      ]
    },
    {
      "title": "1H pre-tax profit up 3% to new high",
      "heading_level": null,
      "page_id": 4,
      "polygon": [
        [
          64.29039001464844,
          24.521484375
        ],
        [
          534.3621215820312,
          24.521484375
        ],
        [
          534.3621215820312,
          54.1015625
        ],
        [
          64.29039001464844,
          54.1015625
        ]
      ]
    },
    {
      "title": "2Q group net interest income higher YoY and little changed QoQ, \nlower interest rates cushioned by hedging and deposit growth",
      "heading_level": null,
      "page_id": 5,
      "polygon": [
        [
          61.875,
          24.521484375
        ],
        [
          936.8078002929688,
          24.521484375
        ],
        [
          936.8078002929688,
          86.96798706054688
        ],
        [
          61.875,
          86.96798706054688
        ]
      ]
    },
    {
      "title": "Loans up 1% QoQ, 3% over first half",
      "heading_level": null,
      "page_id": 6,
      "polygon": [
        [
          63.75,
          22.939453125
        ],
        [
          555.4310302734375,
          22.939453125
        ],
        [
          555.4310302734375,
          53.1575927734375
        ],
        [
          63.75,
          53.1575927734375
        ]
      ]
    },
    {
      "title": "In constant-currency terms",
      "heading_level": null,
      "page_id": 6,
      "polygon": [
        [
          674.53125,
          214.892578125
        ],
        [
          885.5621948242188,
          214.892578125
        ],
        [
          885.5621948242188,
          231.44918823242188
        ],
        [
          674.53125,
          231.44918823242188
        ]
      ]
    },
    {
      "title": "Deposits up 2% QoQ, 5% over first half",
      "heading_level": null,
      "page_id": 7,
      "polygon": [
        [
          61.875,
          23.73046875
        ],
        [
          583.489013671875,
          23.73046875
        ],
        [
          583.489013671875,
          53.1575927734375
        ],
        [
          61.875,
          53.1575927734375
        ]
      ]
    },
    {
      "title": "In constant-currency terms",
      "heading_level": null,
      "page_id": 7,
      "polygon": [
        [
          680.8889770507812,
          179.82421875
        ],
        [
          887.0491333007812,
          179.82421875
        ],
        [
          887.0491333007812,
          196.44937133789062
        ],
        [
          680.8889770507812,
          196.44937133789062
        ]
      ]
    },
    {
      "title": "2Q fee income up YoY led by wealth management, 1H at record",
      "heading_level": null,
      "page_id": 8,
      "polygon": [
        [
          65.13609313964844,
          22.939453125
        ],
        [
          901.875,
          22.939453125
        ],
        [
          901.875,
          53.157989501953125
        ],
        [
          65.13609313964844,
          53.157989501953125
        ]
      ]
    },
    {
      "title": "Record 1H Wealth Management income, AUM at new high",
      "heading_level": null,
      "page_id": 9,
      "polygon": [
        [
          66.26089477539062,
          23.203125
        ],
        [
          830.8161010742188,
          23.203125
        ],
        [
          830.8161010742188,
          53.157989501953125
        ],
        [
          66.26089477539062,
          53.157989501953125
        ]
      ]
    },
    {
      "title": "2Q commercial book non-interest income rises 11% YoY, 1H up 10% to record",
      "heading_level": null,
      "page_id": 10,
      "polygon": [
        [
          51.0,
          24.0
        ],
        [
          807.75,
          24.0
        ],
        [
          807.75,
          84.375
        ],
        [
          51.0,
          84.375
        ]
      ]
    },
    {
      "title": "1H CBG / WM income up 4%",
      "heading_level": null,
      "page_id": 11,
      "polygon": [
        [
          63.75,
          24.2578125
        ],
        [
          440.2472229003906,
          24.2578125
        ],
        [
          440.2472229003906,
          53.15838623046875
        ],
        [
          63.75,
          53.15838623046875
        ]
      ]
    },
    {
      "title": "1H IBG income declines 4%",
      "heading_level": null,
      "page_id": 12,
      "polygon": [
        [
          65.13599395751953,
          23.73046875
        ],
        [
          432.68682861328125,
          23.73046875
        ],
        [
          432.68682861328125,
          53.15838623046875
        ],
        [
          65.13599395751953,
          53.15838623046875
        ]
      ]
    },
    {
      "title": "1H treasury customer income up 14% to record, Markets trading \nincome 80% higher",
      "heading_level": null,
      "page_id": 13,
      "polygon": [
        [
          63.75,
          23.994140625
        ],
        [
          927.6812744140625,
          23.994140625
        ],
        [
          927.6812744140625,
          86.76589965820312
        ],
        [
          63.75,
          86.76589965820312
        ]
      ]
    },
    {
      "title": "1H Hong Kong net profit up 11% YoY to record",
      "heading_level": null,
      "page_id": 14,
      "polygon": [
        [
          61.875,
          24.78515625
        ],
        [
          680.625,
          24.78515625
        ],
        [
          680.625,
          54.1015625
        ],
        [
          61.875,
          54.1015625
        ]
      ]
    },
    {
      "title": "NPA declines 4% QoQ as repayments and write-offs more than \noffset new NPA formation",
      "heading_level": null,
      "page_id": 15,
      "polygon": [
        [
          63.75,
          24.521484375
        ],
        [
          903.6829833984375,
          24.521484375
        ],
        [
          903.6829833984375,
          87.70947265625
        ],
        [
          63.75,
          87.70947265625
        ]
      ]
    },
    {
      "title": "2Q SP at 15bp, 1H at 12bp",
      "heading_level": null,
      "page_id": 16,
      "polygon": [
        [
          61.875,
          24.521484375
        ],
        [
          417.09503173828125,
          24.521484375
        ],
        [
          417.09503173828125,
          54.1015625
        ],
        [
          61.875,
          54.1015625
        ]
      ]
    },
    {
      "title": "Allowance coverage ratio at 137%",
      "heading_level": null,
      "page_id": 17,
      "polygon": [
        [
          62.8125,
          23.994140625
        ],
        [
          514.728515625,
          23.994140625
        ],
        [
          514.728515625,
          54.1015625
        ],
        [
          62.8125,
          54.1015625
        ]
      ]
    },
    {
      "title": "Strong CET-1 and leverage ratios",
      "heading_level": null,
      "page_id": 18,
      "polygon": [
        [
          61.5,
          23.203125
        ],
        [
          510.75,
          23.203125
        ],
        [
          510.75,
          51.0
        ],
        [
          61.5,
          51.0
        ]
      ]
    },
    {
      "title": "2Q total dividend of 75\u00a2 per share, comprising 60\u00a2 ordinary \ndividend and 15\u00a2 Capital Return dividend",
      "heading_level": null,
      "page_id": 19,
      "polygon": [
        [
          65.625,
          23.994140625
        ],
        [
          864.79833984375,
          23.994140625
        ],
        [
          864.79833984375,
          86.76589965820312
        ],
        [
          65.625,
          86.76589965820312
        ]
      ]
    },
    {
      "title": "In summary",
      "heading_level": null,
      "page_id": 20,
      "polygon": [
        [
          66.09375,
          23.994140625
        ],
        [
          230.73287963867188,
          23.994140625
        ],
        [
          230.73287963867188,
          53.157867431640625
        ],
        [
          66.09375,
          53.157867431640625
        ]
      ]
    },
    {
      "title": "Supplementary slides",
      "heading_level": null,
      "page_id": 21,
      "polygon": [
        [
          508.125,
          200.91796875
        ],
        [
          880.7875366210938,
          200.91796875
        ],
        [
          880.7875366210938,
          237.5289306640625
        ],
        [
          508.125,
          237.5289306640625
        ]
      ]
    },
    {
      "title": "1H pre-tax profit up 3% to record $6.83bn",
      "heading_level": null,
      "page_id": 22,
      "polygon": [
        [
          63.75,
          25.048828125
        ],
        [
          612.5494995117188,
          25.048828125
        ],
        [
          612.5494995117188,
          54.1015625
        ],
        [
          63.75,
          54.1015625
        ]
      ]
    },
    {
      "title": "1H Hong Kong net profit up 11%",
      "heading_level": null,
      "page_id": 23,
      "polygon": [
        [
          62.8125,
          24.78515625
        ],
        [
          492.56195068359375,
          24.78515625
        ],
        [
          492.56195068359375,
          54.1015625
        ],
        [
          62.8125,
          54.1015625
        ]
      ]
    },
    {
      "title": "Constant-currency terms",
      "heading_level": null,
      "page_id": 23,
      "polygon": [
        [
          706.875,
          69.08203125
        ],
        [
          902.4490356445312,
          69.08203125
        ],
        [
          902.4490356445312,
          87.20343017578125
        ],
        [
          706.875,
          87.20343017578125
        ]
      ]
    },
    {
      "title": "",
      "heading_level": null,
      "page_id": 23,
      "polygon": [
        [
          61.40625,
          124.189453125
        ],
        [
          159.84375,
          124.189453125
        ],
        [
          159.84375,
          138.427734375
        ],
        [
          61.40625,
          138.427734375
        ]
      ]
    },
    {
      "title": "",
      "heading_level": null,
      "page_id": 23,
      "polygon": [
        [
          65.15625,
          229.921875
        ],
        [
          247.96875,
          229.921875
        ],
        [
          247.96875,
          242.578125
        ],
        [
          65.15625,
          242.578125
        ]
      ]
    },
    {
      "title": "Net interest margin (%) 1.75 1.80",
      "heading_level": null,
      "page_id": 23,
      "polygon": [
        [
          64.6875,
          371.513671875
        ],
        [
          554.6757202148438,
          371.513671875
        ],
        [
          554.6757202148438,
          389.0406036376953
        ],
        [
          64.6875,
          389.0406036376953
        ]
      ]
    },
    {
      "title": "NPL ratio at 1.0%, allowance coverage above 100%",
      "heading_level": null,
      "page_id": 24,
      "polygon": [
        [
          63.75,
          24.78515625
        ],
        [
          742.5,
          24.78515625
        ],
        [
          742.5,
          54.1015625
        ],
        [
          63.75,
          54.1015625
        ]
      ]
    },
    {
      "title": "Fixed income duration remains short",
      "heading_level": null,
      "page_id": 25,
      "polygon": [
        [
          64.29039001464844,
          24.2578125
        ],
        [
          556.20166015625,
          24.2578125
        ],
        [
          556.20166015625,
          54.1015625
        ],
        [
          64.29039001464844,
          54.1015625
        ]
      ]
    },
    {
      "title": "Deposits up 5% over first half, 7% YoY in constant-currency terms",
      "heading_level": null,
      "page_id": 26,
      "polygon": [
        [
          58.125,
          24.521484375
        ],
        [
          942.7962646484375,
          24.521484375
        ],
        [
          942.7962646484375,
          54.1015625
        ],
        [
          58.125,
          54.1015625
        ]
      ]
    },
    {
      "title": "",
      "heading_level": null,
      "page_id": 26,
      "polygon": [
        [
          68.4375,
          413.4375
        ],
        [
          122.8125,
          413.4375
        ],
        [
          122.8125,
          426.09375
        ],
        [
          68.4375,
          426.09375
        ]
      ]
    },
    {
      "title": "1H GTS income down 10%",
      "heading_level": null,
      "page_id": 27,
      "polygon": [
        [
          66.26099395751953,
          23.73046875
        ],
        [
          418.1291198730469,
          23.73046875
        ],
        [
          418.1291198730469,
          53.157989501953125
        ],
        [
          66.26099395751953,
          53.157989501953125
        ]
      ]
    },
    {
      "title": "Record first-half income \nand pre-tax profit",
      "heading_level": null,
      "page_id": 28,
      "polygon": [
        [
          462.1875,
          178.2421875
        ],
        [
          890.6815795898438,
          178.2421875
        ],
        [
          890.6815795898438,
          258.3984375
        ],
        [
          462.1875,
          258.3984375
        ]
      ]
    }
  ],
  "page_stats": [
    {
      "page_id": 0,
      "text_extraction_method": "pdftext",
      "block_counts": [
        [
          "Span",
          9
        ],
        [
          "Line",
          5
        ],
        [
          "Picture",
          1
        ],
        [
          "SectionHeader",
          1
        ],
        [
          "Text",
          1
        ]
      ],
      "block_metadata": {
        "llm_request_count": 0,
        "llm_error_count": 0,
        "llm_tokens_used": 0,
        "previous_text": "",
        "previous_type": "",
        "previous_order": 0
      }
    },
    {
      "page_id": 1,
      "text_extraction_method": "pdftext",
      "block_counts": [
        [
          "Span",
          42
        ],
        [
          "Line",
          15
        ],
        [
          "ListItem",
          7
        ],
        [
          "Text",
          4
        ],
        [
          "SectionHeader",
          2
        ],
        [
          "ListGroup",
          2
        ],
        [
          "Picture",
          1
        ],
        [
          "PageFooter",
          1
        ]
      ],
      "block_metadata": {
        "llm_request_count": 0,
        "llm_error_count": 0,
        "llm_tokens_used": 0,
        "previous_text": "",
        "previous_type": "",
        "previous_order": 0
      }
    },
    {
      "page_id": 2,
      "text_extraction_method": "pdftext",
      "block_counts": [
        [
          "Span",
          163
        ],
        [
          "TableCell",
          83
        ],
        [
          "Line",
          64
        ],
        [
          "SectionHeader",
          1
        ],
        [
          "Table",
          1
        ],
        [
          "PageFooter",
          1
        ]
      ],
      "block_metadata": {
        "llm_request_count": 0,
        "llm_error_count": 0,
        "llm_tokens_used": 0,
        "previous_text": "",
        "previous_type": "",
        "previous_order": 0
      }
    },
    {
      "page_id": 3,
      "text_extraction_method": "pdftext",
      "block_counts": [
        [
          "Span",
          154
        ],
        [
          "Line",
          60
        ],
        [
          "TableCell",
          27
        ],
        [
          "ListItem",
          3
        ],
        [
          "SectionHeader",
          1
        ],
        [
          "Table",
          1
        ],
        [
          "Figure",
          1
        ],
        [
          "Picture",
          1
        ],
        [
          "Text",
          1
        ],
        [
          "PageFooter",
          1
        ],
        [
          "ListGroup",
          1
        ]
      ],
      "block_metadata": {
        "llm_request_count": 0,
        "llm_error_count": 0,
        "llm_tokens_used": 0,
        "previous_text": "",
        "previous_type": "",
        "previous_order": 0
      }
    },
    {
      "page_id": 4,
      "text_extraction_method": "pdftext",
      "block_counts": [
        [
          "Span",
          165
        ],
        [
          "Line",
          66
        ],
        [
          "SectionHeader",
          1
        ],
        [
          "Figure",
          1
        ],
        [
          "PageFooter",
          1
        ]
      ],
      "block_metadata": {
        "llm_request_count": 0,
        "llm_error_count": 0,
        "llm_tokens_used": 0,
        "previous_text": "",
        "previous_type": "",
        "previous_order": 0
      }
    },
    {
      "page_id": 5,
      "text_extraction_method": "pdftext",
      "block_counts": [
        [
          "Span",
          103
        ],
        [
          "Line",
          32
        ],
        [
          "SectionHeader",
          1
        ],
        [
          "Figure",
          1
        ],
        [
          "PageFooter",
          1
        ]
      ],
      "block_metadata": {
        "llm_request_count": 0,
        "llm_error_count": 0,
        "llm_tokens_used": 0,
        "previous_text": "",
        "previous_type": "",
        "previous_order": 0
      }
    },
    {
      "page_id": 6,
      "text_extraction_method": "pdftext",
      "block_counts": [
        [
          "Span",
          64
        ],
        [
          "Line",
          31
        ],
        [
          "Text",
          3
        ],
        [
          "SectionHeader",
          2
        ],
        [
          "Figure",
          1
        ],
        [
          "Picture",
          1
        ],
        [
          "PageFooter",
          1
        ]
      ],
      "block_metadata": {
        "llm_request_count": 0,
        "llm_error_count": 0,
        "llm_tokens_used": 0,
        "previous_text": "",
        "previous_type": "",
        "previous_order": 0
      }
    },
    {
      "page_id": 7,
      "text_extraction_method": "pdftext",
      "block_counts": [
        [
          "Span",
          69
        ],
        [
          "Line",
          34
        ],
        [
          "SectionHeader",
          2
        ],
        [
          "ListItem",
          2
        ],
        [
          "Picture",
          2
        ],
        [
          "Figure",
          1
        ],
        [
          "PageFooter",
          1
        ],
        [
          "ListGroup",
          1
        ]
      ],
      "block_metadata": {
        "llm_request_count": 0,
        "llm_error_count": 0,
        "llm_tokens_used": 0,
        "previous_text": "",
        "previous_type": "",
        "previous_order": 0
      }
    },
    {
      "page_id": 8,
      "text_extraction_method": "pdftext",
      "block_counts": [
        [
          "Span",
          149
        ],
        [
          "TableCell",
          96
        ],
        [
          "Line",
          46
        ],
        [
          "PageFooter",
          2
        ],
        [
          "SectionHeader",
          1
        ],
        [
          "Table",
          1
        ]
      ],
      "block_metadata": {
        "llm_request_count": 0,
        "llm_error_count": 0,
        "llm_tokens_used": 0,
        "previous_text": "",
        "previous_type": "",
        "previous_order": 0
      }
    },
    {
      "page_id": 9,
      "text_extraction_method": "pdftext",
      "block_counts": [
        [
          "Span",
          137
        ],
        [
          "Line",
          45
        ],
        [
          "Picture",
          2
        ],
        [
          "PageFooter",
          2
        ],
        [
          "SectionHeader",
          1
        ]
      ],
      "block_metadata": {
        "llm_request_count": 0,
        "llm_error_count": 0,
        "llm_tokens_used": 0,
        "previous_text": "",
        "previous_type": "",
        "previous_order": 0
      }
    },
    {
      "page_id": 10,
      "text_extraction_method": "surya",
      "block_counts": [
        [
          "Line",
          60
        ],
        [
          "Span",
          2
        ],
        [
          "SectionHeader",
          1
        ],
        [
          "Figure",
          1
        ],
        [
          "Picture",
          1
        ],
        [
          "PageFooter",
          1
        ]
      ],
      "block_metadata": {
        "llm_request_count": 0,
        "llm_error_count": 0,
        "llm_tokens_used": 0,
        "previous_text": "",
        "previous_type": "",
        "previous_order": 0
      }
    },
    {
      "page_id": 11,
      "text_extraction_method": "pdftext",
      "block_counts": [
        [
          "Span",
          97
        ],
        [
          "TableCell",
          44
        ],
        [
          "Line",
          18
        ],
        [
          "ListItem",
          2
        ],
        [
          "SectionHeader",
          1
        ],
        [
          "Table",
          1
        ],
        [
          "Picture",
          1
        ],
        [
          "PageFooter",
          1
        ],
        [
          "ListGroup",
          1
        ]
      ],
      "block_metadata": {
        "llm_request_count": 0,
        "llm_error_count": 0,
        "llm_tokens_used": 0,
        "previous_text": "",
        "previous_type": "",
        "previous_order": 0
      }
    },
    {
      "page_id": 12,
      "text_extraction_method": "pdftext",
      "block_counts": [
        [
          "Span",
          93
        ],
        [
          "TableCell",
          44
        ],
        [
          "Line",
          16
        ],
        [
          "ListItem",
          2
        ],
        [
          "SectionHeader",
          1
        ],
        [
          "Table",
          1
        ],
        [
          "Picture",
          1
        ],
        [
          "PageFooter",
          1
        ],
        [
          "ListGroup",
          1
        ]
      ],
      "block_metadata": {
        "llm_request_count": 0,
        "llm_error_count": 0,
        "llm_tokens_used": 0,
        "previous_text": "",
        "previous_type": "",
        "previous_order": 0
      }
    },
    {
      "page_id": 13,
      "text_extraction_method": "pdftext",
      "block_counts": [
        [
          "Span",
          118
        ],
        [
          "Line",
          44
        ],
        [
          "Picture",
          2
        ],
        [
          "SectionHeader",
          1
        ],
        [
          "Text",
          1
        ],
        [
          "PageFooter",
          1
        ]
      ],
      "block_metadata": {
        "llm_request_count": 0,
        "llm_error_count": 0,
        "llm_tokens_used": 0,
        "previous_text": "",
        "previous_type": "",
        "previous_order": 0
      }
    },
    {
      "page_id": 14,
      "text_extraction_method": "pdftext",
      "block_counts": [
        [
          "Span",
          133
        ],
        [
          "Line",
          47
        ],
        [
          "TableCell",
          28
        ],
        [
          "ListItem",
          3
        ],
        [
          "SectionHeader",
          1
        ],
        [
          "Table",
          1
        ],
        [
          "Figure",
          1
        ],
        [
          "Picture",
          1
        ],
        [
          "PageFooter",
          1
        ],
        [
          "ListGroup",
          1
        ]
      ],
      "block_metadata": {
        "llm_request_count": 0,
        "llm_error_count": 0,
        "llm_tokens_used": 0,
        "previous_text": "",
        "previous_type": "",
        "previous_order": 0
      }
    },
    {
      "page_id": 15,
      "text_extraction_method": "pdftext",
      "block_counts": [
        [
          "Span",
          165
        ],
        [
          "TableCell",
          88
        ],
        [
          "Line",
          23
        ],
        [
          "SectionHeader",
          1
        ],
        [
          "Table",
          1
        ],
        [
          "Picture",
          1
        ],
        [
          "PageFooter",
          1
        ]
      ],
      "block_metadata": {
        "llm_request_count": 0,
        "llm_error_count": 0,
        "llm_tokens_used": 0,
        "previous_text": "",
        "previous_type": "",
        "previous_order": 0
      }
    },
    {
      "page_id": 16,
      "text_extraction_method": "pdftext",
      "block_counts": [
        [
          "Span",
          227
        ],
        [
          "TableCell",
          130
        ],
        [
          "Line",
          30
        ],
        [
          "Table",
          2
        ],
        [
          "SectionHeader",
          1
        ],
        [
          "Picture",
          1
        ],
        [
          "PageFooter",
          1
        ]
      ],
      "block_metadata": {
        "llm_request_count": 0,
        "llm_error_count": 0,
        "llm_tokens_used": 0,
        "previous_text": "",
        "previous_type": "",
        "previous_order": 0
      }
    },
    {
      "page_id": 17,
      "text_extraction_method": "pdftext",
      "block_counts": [
        [
          "Span",
          75
        ],
        [
          "TableCell",
          37
        ],
        [
          "Line",
          14
        ],
        [
          "SectionHeader",
          1
        ],
        [
          "Table",
          1
        ],
        [
          "Picture",
          1
        ],
        [
          "PageFooter",
          1
        ]
      ],
      "block_metadata": {
        "llm_request_count": 0,
        "llm_error_count": 0,
        "llm_tokens_used": 0,
        "previous_text": "",
        "previous_type": "",
        "previous_order": 0
      }
    },
    {
      "page_id": 18,
      "text_extraction_method": "surya",
      "block_counts": [
        [
          "TableCell",
          78
        ],
        [
          "Line",
          3
        ],
        [
          "PageFooter",
          2
        ],
        [
          "Span",
          2
        ],
        [
          "SectionHeader",
          1
        ],
        [
          "Table",
          1
        ],
        [
          "Picture",
          1
        ]
      ],
      "block_metadata": {
        "llm_request_count": 0,
        "llm_error_count": 0,
        "llm_tokens_used": 0,
        "previous_text": "",
        "previous_type": "",
        "previous_order": 0
      }
    },
    {
      "page_id": 19,
      "text_extraction_method": "pdftext",
      "block_counts": [
        [
          "Span",
          61
        ],
        [
          "Line",
          27
        ],
        [
          "Text",
          2
        ],
        [
          "Picture",
          2
        ],
        [
          "PageFooter",
          2
        ],
        [
          "SectionHeader",
          1
        ]
      ],
      "block_metadata": {
        "llm_request_count": 0,
        "llm_error_count": 0,
        "llm_tokens_used": 0,
        "previous_text": "",
        "previous_type": "",
        "previous_order": 0
      }
    },
    {
      "page_id": 20,
      "text_extraction_method": "pdftext",
      "block_counts": [
        [
          "Span",
          19
        ],
        [
          "Line",
          10
        ],
        [
          "Text",
          4
        ],
        [
          "SectionHeader",
          1
        ],
        [
          "Picture",
          1
        ],
        [
          "PageFooter",
          1
        ]
      ],
      "block_metadata": {
        "llm_request_count": 0,
        "llm_error_count": 0,
        "llm_tokens_used": 0,
        "previous_text": "",
        "previous_type": "",
        "previous_order": 0
      }
    },
    {
      "page_id": 21,
      "text_extraction_method": "pdftext",
      "block_counts": [
        [
          "Span",
          7
        ],
        [
          "Line",
          4
        ],
        [
          "Picture",
          1
        ],
        [
          "SectionHeader",
          1
        ],
        [
          "Text",
          1
        ]
      ],
      "block_metadata": {
        "llm_request_count": 0,
        "llm_error_count": 0,
        "llm_tokens_used": 0,
        "previous_text": "",
        "previous_type": "",
        "previous_order": 0
      }
    },
    {
      "page_id": 22,
      "text_extraction_method": "pdftext",
      "block_counts": [
        [
          "Span",
          155
        ],
        [
          "TableCell",
          76
        ],
        [
          "Line",
          22
        ],
        [
          "SectionHeader",
          1
        ],
        [
          "Table",
          1
        ],
        [
          "Picture",
          1
        ],
        [
          "PageFooter",
          1
        ]
      ],
      "block_metadata": {
        "llm_request_count": 0,
        "llm_error_count": 0,
        "llm_tokens_used": 0,
        "previous_text": "",
        "previous_type": "",
        "previous_order": 0
      }
    },
    {
      "page_id": 23,
      "text_extraction_method": "pdftext",
      "block_counts": [
        [
          "Span",
          137
        ],
        [
          "TableCell",
          56
        ],
        [
          "Line",
          31
        ],
        [
          "Text",
          13
        ],
        [
          "SectionHeader",
          5
        ],
        [
          "Table",
          2
        ],
        [
          "Picture",
          2
        ],
        [
          "PageFooter",
          1
        ]
      ],
      "block_metadata": {
        "llm_request_count": 0,
        "llm_error_count": 0,
        "llm_tokens_used": 0,
        "previous_text": "",
        "previous_type": "",
        "previous_order": 0
      }
    },
    {
      "page_id": 24,
      "text_extraction_method": "pdftext",
      "block_counts": [
        [
          "Span",
          121
        ],
        [
          "Line",
          30
        ],
        [
          "SectionHeader",
          1
        ],
        [
          "Figure",
          1
        ],
        [
          "Picture",
          1
        ],
        [
          "PageFooter",
          1
        ]
      ],
      "block_metadata": {
        "llm_request_count": 0,
        "llm_error_count": 0,
        "llm_tokens_used": 0,
        "previous_text": "",
        "previous_type": "",
        "previous_order": 0
      }
    },
    {
      "page_id": 25,
      "text_extraction_method": "pdftext",
      "block_counts": [
        [
          "Span",
          55
        ],
        [
          "TableCell",
          26
        ],
        [
          "Line",
          11
        ],
        [
          "PageFooter",
          2
        ],
        [
          "SectionHeader",
          1
        ],
        [
          "Table",
          1
        ],
        [
          "Picture",
          1
        ]
      ],
      "block_metadata": {
        "llm_request_count": 0,
        "llm_error_count": 0,
        "llm_tokens_used": 0,
        "previous_text": "",
        "previous_type": "",
        "previous_order": 0
      }
    },
    {
      "page_id": 26,
      "text_extraction_method": "pdftext",
      "block_counts": [
        [
          "Span",
          163
        ],
        [
          "TableCell",
          93
        ],
        [
          "Line",
          19
        ],
        [
          "Table",
          3
        ],
        [
          "SectionHeader",
          2
        ],
        [
          "Text",
          1
        ],
        [
          "Picture",
          1
        ],
        [
          "PageFooter",
          1
        ]
      ],
      "block_metadata": {
        "llm_request_count": 0,
        "llm_error_count": 0,
        "llm_tokens_used": 0,
        "previous_text": "",
        "previous_type": "",
        "previous_order": 0
      }
    },
    {
      "page_id": 27,
      "text_extraction_method": "pdftext",
      "block_counts": [
        [
          "Span",
          73
        ],
        [
          "TableCell",
          56
        ],
        [
          "Line",
          20
        ],
        [
          "SectionHeader",
          1
        ],
        [
          "Table",
          1
        ],
        [
          "Picture",
          1
        ],
        [
          "PageFooter",
          1
        ]
      ],
      "block_metadata": {
        "llm_request_count": 0,
        "llm_error_count": 0,
        "llm_tokens_used": 0,
        "previous_text": "",
        "previous_type": "",
        "previous_order": 0
      }
    },
    {
      "page_id": 28,
      "text_extraction_method": "pdftext",
      "block_counts": [
        [
          "Span",
          9
        ],
        [
          "Line",
          5
        ],
        [
          "Picture",
          1
        ],
        [
          "SectionHeader",
          1
        ],
        [
          "Text",
          1
        ]
      ],
      "block_metadata": {
        "llm_request_count": 0,
        "llm_error_count": 0,
        "llm_tokens_used": 0,
        "previous_text": "",
        "previous_type": "",
        "previous_order": 0
      }
    }
  ],
  "debug_data_path": "debug_data/2Q25_CFO_presentation"
}