{
  "table_of_contents": [
    {
      "title": "News Release",
      "heading_level": null,
      "page_id": 0,
      "polygon": [
        [
          90.21484375,
          115.1171875
        ],
        [
          238.59933471679688,
          115.1171875
        ],
        [
          238.59933471679688,
          132.126220703125
        ],
        [
          90.21484375,
          132.126220703125
        ]
      ]
    },
    {
      "title": "DBS SECOND-QUARTER NET PROFIT UP 4% TO SGD 2.80 BILLION, \nRETURN ON EQUITY AT 18.2%",
      "heading_level": null,
      "page_id": 0,
      "polygon": [
        [
          117.5703125,
          378.1692810058594
        ],
        [
          479.2880859375,
          378.1692810058594
        ],
        [
          479.2880859375,
          401.80926513671875
        ],
        [
          117.5703125,
          401.80926513671875
        ]
      ]
    },
    {
      "title": "Second-quarter performance",
      "heading_level": null,
      "page_id": 1,
      "polygon": [
        [
          88.46875,
          379.249267578125
        ],
        [
          241.07791137695312,
          379.249267578125
        ],
        [
          241.07791137695312,
          390.2892761230469
        ],
        [
          88.46875,
          390.2892761230469
        ]
      ]
    },
    {
      "title": "First-half performance",
      "heading_level": null,
      "page_id": 2,
      "polygon": [
        [
          89.6328125,
          505.2822265625
        ],
        [
          206.9004669189453,
          505.2822265625
        ],
        [
          206.9004669189453,
          516.7892761230469
        ],
        [
          89.6328125,
          516.7892761230469
        ]
      ]
    },
    {
      "title": "Business unit performance",
      "heading_level": null,
      "page_id": 3,
      "polygon": [
        [
          89.6328125,
          353.92926025390625
        ],
        [
          231.85488891601562,
          353.92926025390625
        ],
        [
          231.85488891601562,
          365.4970703125
        ],
        [
          89.6328125,
          365.4970703125
        ]
      ]
    },
    {
      "title": "Balance sheet",
      "heading_level": null,
      "page_id": 3,
      "polygon": [
        [
          89.05078125,
          554.6181640625
        ],
        [
          164.13551330566406,
          554.6181640625
        ],
        [
          164.13551330566406,
          567.4292907714844
        ],
        [
          89.05078125,
          567.4292907714844
        ]
      ]
    },
    {
      "title": "About DBS",
      "heading_level": null,
      "page_id": 5,
      "polygon": [
        [
          89.6328125,
          100.31640625
        ],
        [
          151.161865234375,
          100.31640625
        ],
        [
          151.161865234375,
          111.8592529296875
        ],
        [
          89.6328125,
          111.8592529296875
        ]
      ]
    }
  ],
  "page_stats": [
    {
      "page_id": 0,
      "text_extraction_method": "pdftext",
      "block_counts": [
        [
          "Span",
          65
        ],
        [
          "Line",
          22
        ],
        [
          "Text",
          9
        ],
        [
          "SectionHeader",
          2
        ],
        [
          "Picture",
          1
        ],
        [
          "PageFooter",
          1
        ]
      ],
      "block_metadata": {
        "llm_request_count": 0,
        "llm_error_count": 0,
        "llm_tokens_used": 0,
        "previous_text": "",
        "previous_type": "",
        "previous_order": 0
      }
    },
    {
      "page_id": 1,
      "text_extraction_method": "pdftext",
      "block_counts": [
        [
          "Span",
          127
        ],
        [
          "Line",
          32
        ],
        [
          "Text",
          10
        ],
        [
          "Picture",
          1
        ],
        [
          "SectionHeader",
          1
        ],
        [
          "PageFooter",
          1
        ]
      ],
      "block_metadata": {
        "llm_request_count": 0,
        "llm_error_count": 0,
        "llm_tokens_used": 0,
        "previous_text": "",
        "previous_type": "",
        "previous_order": 0
      }
    },
    {
      "page_id": 2,
      "text_extraction_method": "pdftext",
      "block_counts": [
        [
          "Span",
          93
        ],
        [
          "Line",
          31
        ],
        [
          "Text",
          11
        ],
        [
          "Picture",
          1
        ],
        [
          "SectionHeader",
          1
        ],
        [
          "PageFooter",
          1
        ]
      ],
      "block_metadata": {
        "llm_request_count": 0,
        "llm_error_count": 0,
        "llm_tokens_used": 0,
        "previous_text": "",
        "previous_type": "",
        "previous_order": 0
      }
    },
    {
      "page_id": 3,
      "text_extraction_method": "pdftext",
      "block_counts": [
        [
          "Span",
          113
        ],
        [
          "Line",
          30
        ],
        [
          "Text",
          12
        ],
        [
          "SectionHeader",
          2
        ],
        [
          "Picture",
          1
        ],
        [
          "PageFooter",
          1
        ]
      ],
      "block_metadata": {
        "llm_request_count": 0,
        "llm_error_count": 0,
        "llm_tokens_used": 0,
        "previous_text": "",
        "previous_type": "",
        "previous_order": 0
      }
    },
    {
      "page_id": 4,
      "text_extraction_method": "pdftext",
      "block_counts": [
        [
          "Span",
          87
        ],
        [
          "Line",
          28
        ],
        [
          "PageFooter",
          6
        ],
        [
          "Text",
          5
        ],
        [
          "Picture",
          1
        ]
      ],
      "block_metadata": {
        "llm_request_count": 0,
        "llm_error_count": 0,
        "llm_tokens_used": 0,
        "previous_text": "",
        "previous_type": "",
        "previous_order": 0
      }
    },
    {
      "page_id": 5,
      "text_extraction_method": "pdftext",
      "block_counts": [
        [
          "Span",
          126
        ],
        [
          "Line",
          47
        ],
        [
          "Text",
          11
        ],
        [
          "PageFooter",
          6
        ],
        [
          "Picture",
          1
        ],
        [
          "SectionHeader",
          1
        ]
      ],
      "block_metadata": {
        "llm_request_count": 0,
        "llm_error_count": 0,
        "llm_tokens_used": 0,
        "previous_text": "",
        "previous_type": "",
        "previous_order": 0
      }
    }
  ],
  "debug_data_path": "debug_data/2Q24_press_statement"
}