{
  "table_of_contents": [
    {
      "title": "Record quarterly income and earnings",
      "heading_level": null,
      "page_id": 0,
      "polygon": [
        [
          222.8000030517578,
          198.28125
        ],
        [
          880.8619995117188,
          198.28125
        ],
        [
          880.8619995117188,
          236.24319458007812
        ],
        [
          222.8000030517578,
          236.24319458007812
        ]
      ]
    },
    {
      "title": "Highlights",
      "heading_level": null,
      "page_id": 1,
      "polygon": [
        [
          65.56339263916016,
          18.984375
        ],
        [
          202.18995666503906,
          18.984375
        ],
        [
          202.18995666503906,
          47.709747314453125
        ],
        [
          65.56339263916016,
          47.709747314453125
        ]
      ]
    },
    {
      "title": "First-quarter net profit at $2.96 billion with ROE at 19.4%, both at new highs",
      "heading_level": null,
      "page_id": 1,
      "polygon": [
        [
          65.625,
          62.2265625
        ],
        [
          710.8565063476562,
          62.2265625
        ],
        [
          710.8565063476562,
          80.9754638671875
        ],
        [
          65.625,
          80.9754638671875
        ]
      ]
    },
    {
      "title": "First-quarter net profit up 24% QoQ",
      "heading_level": null,
      "page_id": 1,
      "polygon": [
        [
          63.75,
          242.05078125
        ],
        [
          368.7845153808594,
          242.05078125
        ],
        [
          368.7845153808594,
          262.18145751953125
        ],
        [
          63.75,
          262.18145751953125
        ]
      ]
    },
    {
      "title": "Balance sheet remains strong",
      "heading_level": null,
      "page_id": 1,
      "polygon": [
        [
          65.625,
          351.73828125
        ],
        [
          322.66302490234375,
          351.73828125
        ],
        [
          322.66302490234375,
          372.5574645996094
        ],
        [
          65.625,
          372.5574645996094
        ]
      ]
    },
    {
      "title": "First-quarter dividend at 54 cents per share over the enlarged post-bonus share base",
      "heading_level": null,
      "page_id": 1,
      "polygon": [
        [
          65.625,
          463.271484375
        ],
        [
          793.6294555664062,
          463.271484375
        ],
        [
          793.6294555664062,
          482.9334716796875
        ],
        [
          65.625,
          482.9334716796875
        ]
      ]
    },
    {
      "title": "1Q net profit up 15% YoY to new quarterly high",
      "heading_level": null,
      "page_id": 2,
      "polygon": [
        [
          62.25,
          24.78515625
        ],
        [
          689.25,
          24.78515625
        ],
        [
          689.25,
          52.20703125
        ],
        [
          62.25,
          52.20703125
        ]
      ]
    },
    {
      "title": "1Q net profit rises 24% QoQ",
      "heading_level": null,
      "page_id": 3,
      "polygon": [
        [
          62.25,
          23.994140625
        ],
        [
          438.75,
          23.994140625
        ],
        [
          438.75,
          50.888671875
        ],
        [
          62.25,
          50.888671875
        ]
      ]
    },
    {
      "title": "1Q commercial book net interest income stable, NIM up 2bp to \n2.77%",
      "heading_level": null,
      "page_id": 4,
      "polygon": [
        [
          65.01740264892578,
          22.67578125
        ],
        [
          902.8422241210938,
          22.67578125
        ],
        [
          902.8422241210938,
          86.96798706054688
        ],
        [
          65.01740264892578,
          86.96798706054688
        ]
      ]
    },
    {
      "title": "Loans up 1% QoQ in constant-currency terms",
      "heading_level": null,
      "page_id": 5,
      "polygon": [
        [
          63.75,
          24.2578125
        ],
        [
          675.662109375,
          24.2578125
        ],
        [
          675.662109375,
          53.1575927734375
        ],
        [
          63.75,
          53.1575927734375
        ]
      ]
    },
    {
      "title": "Deposits up 1% QoQ in constant-currency terms",
      "heading_level": null,
      "page_id": 6,
      "polygon": [
        [
          62.25,
          23.466796875
        ],
        [
          713.25,
          23.466796875
        ],
        [
          713.25,
          50.361328125
        ],
        [
          62.25,
          50.361328125
        ]
      ]
    },
    {
      "title": "1Q fee income growth due to wealth management, cards and loan-related fees",
      "heading_level": null,
      "page_id": 7,
      "polygon": [
        [
          62.25,
          23.466796875
        ],
        [
          875.25,
          23.25
        ],
        [
          876.0,
          78.837890625
        ],
        [
          62.25,
          78.837890625
        ]
      ]
    },
    {
      "title": "1Q commercial book non-interest income up 30% YoY from \nrecord fee income and treasury customer sales",
      "heading_level": null,
      "page_id": 8,
      "polygon": [
        [
          54.86800003051758,
          24.2578125
        ],
        [
          848.8339233398438,
          24.2578125
        ],
        [
          848.8339233398438,
          86.76577758789062
        ],
        [
          54.86800003051758,
          86.76577758789062
        ]
      ]
    },
    {
      "title": "1Q cost-income ratio of 37% stable YoY",
      "heading_level": null,
      "page_id": 9,
      "polygon": [
        [
          63.75,
          23.466796875
        ],
        [
          590.48095703125,
          23.466796875
        ],
        [
          590.48095703125,
          53.36016845703125
        ],
        [
          63.75,
          53.36016845703125
        ]
      ]
    },
    {
      "title": "NPL ratio unchanged QoQ at 1.1%",
      "heading_level": null,
      "page_id": 10,
      "polygon": [
        [
          64.29039001464844,
          23.994140625
        ],
        [
          518.5061645507812,
          23.994140625
        ],
        [
          518.5061645507812,
          54.1015625
        ],
        [
          64.29039001464844,
          54.1015625
        ]
      ]
    },
    {
      "title": "1Q SP remains low at 10bp",
      "heading_level": null,
      "page_id": 11,
      "polygon": [
        [
          64.29029083251953,
          24.521484375
        ],
        [
          429.34149169921875,
          24.521484375
        ],
        [
          429.34149169921875,
          54.1015625
        ],
        [
          64.29029083251953,
          54.1015625
        ]
      ]
    },
    {
      "title": "Allowance coverage at 125%",
      "heading_level": null,
      "page_id": 12,
      "polygon": [
        [
          63.75,
          24.78515625
        ],
        [
          446.1874084472656,
          24.78515625
        ],
        [
          446.1874084472656,
          54.1015625
        ],
        [
          63.75,
          54.1015625
        ]
      ]
    },
    {
      "title": "Strong CET-1 and leverage ratios",
      "heading_level": null,
      "page_id": 13,
      "polygon": [
        [
          61.5,
          23.466796875
        ],
        [
          510.75,
          22.5
        ],
        [
          510.75,
          50.361328125
        ],
        [
          62.25,
          51.0
        ]
      ]
    },
    {
      "title": "1Q dividend at 54 cents per share",
      "heading_level": null,
      "page_id": 14,
      "polygon": [
        [
          66.26089477539062,
          22.939453125
        ],
        [
          513.394287109375,
          22.939453125
        ],
        [
          513.394287109375,
          53.157867431640625
        ],
        [
          66.26089477539062,
          53.157867431640625
        ]
      ]
    },
    {
      "title": "In summary",
      "heading_level": null,
      "page_id": 15,
      "polygon": [
        [
          66.09375,
          23.994140625
        ],
        [
          230.73287963867188,
          23.994140625
        ],
        [
          230.73287963867188,
          53.157867431640625
        ],
        [
          66.09375,
          53.157867431640625
        ]
      ]
    },
    {
      "title": "Record quarterly income and earnings",
      "heading_level": null,
      "page_id": 16,
      "polygon": [
        [
          222.8000030517578,
          198.28125
        ],
        [
          880.8619995117188,
          198.28125
        ],
        [
          880.8619995117188,
          236.24319458007812
        ],
        [
          222.8000030517578,
          236.24319458007812
        ]
      ]
    }
  ],
  "page_stats": [
    {
      "page_id": 0,
      "text_extraction_method": "pdftext",
      "block_counts": [
        [
          "Span",
          7
        ],
        [
          "Line",
          4
        ],
        [
          "Picture",
          1
        ],
        [
          "SectionHeader",
          1
        ],
        [
          "Text",
          1
        ]
      ],
      "block_metadata": {
        "llm_request_count": 0,
        "llm_error_count": 0,
        "llm_tokens_used": 0,
        "previous_text": "",
        "previous_type": "",
        "previous_order": 0
      }
    },
    {
      "page_id": 1,
      "text_extraction_method": "pdftext",
      "block_counts": [
        [
          "Span",
          52
        ],
        [
          "Line",
          18
        ],
        [
          "ListItem",
          12
        ],
        [
          "SectionHeader",
          5
        ],
        [
          "ListGroup",
          3
        ],
        [
          "Picture",
          1
        ],
        [
          "PageFooter",
          1
        ]
      ],
      "block_metadata": {
        "llm_request_count": 0,
        "llm_error_count": 0,
        "llm_tokens_used": 0,
        "previous_text": "",
        "previous_type": "",
        "previous_order": 0
      }
    },
    {
      "page_id": 2,
      "text_extraction_method": "surya",
      "block_counts": [
        [
          "Line",
          80
        ],
        [
          "Span",
          3
        ],
        [
          "SectionHeader",
          1
        ],
        [
          "Figure",
          1
        ],
        [
          "PageFooter",
          1
        ],
        [
          "Text",
          1
        ]
      ],
      "block_metadata": {
        "llm_request_count": 0,
        "llm_error_count": 0,
        "llm_tokens_used": 0,
        "previous_text": "",
        "previous_type": "",
        "previous_order": 0
      }
    },
    {
      "page_id": 3,
      "text_extraction_method": "surya",
      "block_counts": [
        [
          "Line",
          83
        ],
        [
          "Span",
          3
        ],
        [
          "Text",
          2
        ],
        [
          "SectionHeader",
          1
        ],
        [
          "Figure",
          1
        ],
        [
          "PageFooter",
          1
        ]
      ],
      "block_metadata": {
        "llm_request_count": 0,
        "llm_error_count": 0,
        "llm_tokens_used": 0,
        "previous_text": "",
        "previous_type": "",
        "previous_order": 0
      }
    },
    {
      "page_id": 4,
      "text_extraction_method": "pdftext",
      "block_counts": [
        [
          "Span",
          81
        ],
        [
          "Line",
          25
        ],
        [
          "SectionHeader",
          1
        ],
        [
          "Figure",
          1
        ],
        [
          "Picture",
          1
        ],
        [
          "Text",
          1
        ],
        [
          "PageFooter",
          1
        ]
      ],
      "block_metadata": {
        "llm_request_count": 0,
        "llm_error_count": 0,
        "llm_tokens_used": 0,
        "previous_text": "",
        "previous_type": "",
        "previous_order": 0
      }
    },
    {
      "page_id": 5,
      "text_extraction_method": "pdftext",
      "block_counts": [
        [
          "Span",
          93
        ],
        [
          "Line",
          43
        ],
        [
          "SectionHeader",
          1
        ],
        [
          "Figure",
          1
        ],
        [
          "Picture",
          1
        ],
        [
          "Text",
          1
        ],
        [
          "PageFooter",
          1
        ]
      ],
      "block_metadata": {
        "llm_request_count": 0,
        "llm_error_count": 0,
        "llm_tokens_used": 0,
        "previous_text": "",
        "previous_type": "",
        "previous_order": 0
      }
    },
    {
      "page_id": 6,
      "text_extraction_method": "surya",
      "block_counts": [
        [
          "Line",
          64
        ],
        [
          "Span",
          4
        ],
        [
          "Picture",
          2
        ],
        [
          "PageFooter",
          2
        ],
        [
          "SectionHeader",
          1
        ]
      ],
      "block_metadata": {
        "llm_request_count": 0,
        "llm_error_count": 0,
        "llm_tokens_used": 0,
        "previous_text": "",
        "previous_type": "",
        "previous_order": 0
      }
    },
    {
      "page_id": 7,
      "text_extraction_method": "surya",
      "block_counts": [
        [
          "Line",
          56
        ],
        [
          "Span",
          3
        ],
        [
          "SectionHeader",
          1
        ],
        [
          "Figure",
          1
        ],
        [
          "Picture",
          1
        ],
        [
          "Text",
          1
        ],
        [
          "PageFooter",
          1
        ]
      ],
      "block_metadata": {
        "llm_request_count": 0,
        "llm_error_count": 0,
        "llm_tokens_used": 0,
        "previous_text": "",
        "previous_type": "",
        "previous_order": 0
      }
    },
    {
      "page_id": 8,
      "text_extraction_method": "pdftext",
      "block_counts": [
        [
          "Span",
          87
        ],
        [
          "Line",
          22
        ],
        [
          "SectionHeader",
          1
        ],
        [
          "Figure",
          1
        ],
        [
          "Picture",
          1
        ],
        [
          "PageFooter",
          1
        ]
      ],
      "block_metadata": {
        "llm_request_count": 0,
        "llm_error_count": 0,
        "llm_tokens_used": 0,
        "previous_text": "",
        "previous_type": "",
        "previous_order": 0
      }
    },
    {
      "page_id": 9,
      "text_extraction_method": "pdftext",
      "block_counts": [
        [
          "Span",
          67
        ],
        [
          "Line",
          18
        ],
        [
          "SectionHeader",
          1
        ],
        [
          "Figure",
          1
        ],
        [
          "Picture",
          1
        ],
        [
          "PageFooter",
          1
        ]
      ],
      "block_metadata": {
        "llm_request_count": 0,
        "llm_error_count": 0,
        "llm_tokens_used": 0,
        "previous_text": "",
        "previous_type": "",
        "previous_order": 0
      }
    },
    {
      "page_id": 10,
      "text_extraction_method": "pdftext",
      "block_counts": [
        [
          "Span",
          151
        ],
        [
          "TableCell",
          72
        ],
        [
          "Line",
          14
        ],
        [
          "SectionHeader",
          1
        ],
        [
          "Table",
          1
        ],
        [
          "Picture",
          1
        ],
        [
          "PageFooter",
          1
        ]
      ],
      "block_metadata": {
        "llm_request_count": 0,
        "llm_error_count": 0,
        "llm_tokens_used": 0,
        "previous_text": "",
        "previous_type": "",
        "previous_order": 0
      }
    },
    {
      "page_id": 11,
      "text_extraction_method": "pdftext",
      "block_counts": [
        [
          "Span",
          173
        ],
        [
          "TableCell",
          84
        ],
        [
          "Line",
          17
        ],
        [
          "PageFooter",
          2
        ],
        [
          "SectionHeader",
          1
        ],
        [
          "Table",
          1
        ],
        [
          "Picture",
          1
        ]
      ],
      "block_metadata": {
        "llm_request_count": 0,
        "llm_error_count": 0,
        "llm_tokens_used": 0,
        "previous_text": "",
        "previous_type": "",
        "previous_order": 0
      }
    },
    {
      "page_id": 12,
      "text_extraction_method": "pdftext",
      "block_counts": [
        [
          "Span",
          86
        ],
        [
          "Line",
          16
        ],
        [
          "SectionHeader",
          1
        ],
        [
          "Figure",
          1
        ],
        [
          "Picture",
          1
        ],
        [
          "PageFooter",
          1
        ]
      ],
      "block_metadata": {
        "llm_request_count": 0,
        "llm_error_count": 0,
        "llm_tokens_used": 0,
        "previous_text": "",
        "previous_type": "",
        "previous_order": 0
      }
    },
    {
      "page_id": 13,
      "text_extraction_method": "surya",
      "block_counts": [
        [
          "Line",
          44
        ],
        [
          "Span",
          2
        ],
        [
          "SectionHeader",
          1
        ],
        [
          "Figure",
          1
        ],
        [
          "Picture",
          1
        ],
        [
          "PageFooter",
          1
        ]
      ],
      "block_metadata": {
        "llm_request_count": 0,
        "llm_error_count": 0,
        "llm_tokens_used": 0,
        "previous_text": "",
        "previous_type": "",
        "previous_order": 0
      }
    },
    {
      "page_id": 14,
      "text_extraction_method": "pdftext",
      "block_counts": [
        [
          "Span",
          45
        ],
        [
          "Line",
          20
        ],
        [
          "Text",
          2
        ],
        [
          "PageFooter",
          2
        ],
        [
          "SectionHeader",
          1
        ],
        [
          "Figure",
          1
        ],
        [
          "Picture",
          1
        ]
      ],
      "block_metadata": {
        "llm_request_count": 0,
        "llm_error_count": 0,
        "llm_tokens_used": 0,
        "previous_text": "",
        "previous_type": "",
        "previous_order": 0
      }
    },
    {
      "page_id": 15,
      "text_extraction_method": "pdftext",
      "block_counts": [
        [
          "Span",
          19
        ],
        [
          "Line",
          10
        ],
        [
          "Text",
          4
        ],
        [
          "SectionHeader",
          1
        ],
        [
          "Picture",
          1
        ],
        [
          "PageFooter",
          1
        ]
      ],
      "block_metadata": {
        "llm_request_count": 0,
        "llm_error_count": 0,
        "llm_tokens_used": 0,
        "previous_text": "",
        "previous_type": "",
        "previous_order": 0
      }
    },
    {
      "page_id": 16,
      "text_extraction_method": "pdftext",
      "block_counts": [
        [
          "Span",
          7
        ],
        [
          "Line",
          4
        ],
        [
          "Picture",
          1
        ],
        [
          "SectionHeader",
          1
        ],
        [
          "Text",
          1
        ]
      ],
      "block_metadata": {
        "llm_request_count": 0,
        "llm_error_count": 0,
        "llm_tokens_used": 0,
        "previous_text": "",
        "previous_type": "",
        "previous_order": 0
      }
    }
  ],
  "debug_data_path": "debug_data/1Q24_CFO_presentation"
}