{
  "table_of_contents": [
    {
      "title": "CEO observations",
      "heading_level": null,
      "page_id": 0,
      "polygon": [
        [
          566.25,
          199.599609375
        ],
        [
          880.7718505859375,
          199.599609375
        ],
        [
          880.7718505859375,
          236.24319458007812
        ],
        [
          566.25,
          236.24319458007812
        ]
      ]
    },
    {
      "title": "Another record quarterly and nine-month performance",
      "heading_level": null,
      "page_id": 1,
      "polygon": [
        [
          61.875,
          37.96875
        ],
        [
          788.8397216796875,
          37.96875
        ],
        [
          788.8397216796875,
          67.6767578125
        ],
        [
          61.875,
          67.6767578125
        ]
      ]
    },
    {
      "title": "2025 outlook",
      "heading_level": null,
      "page_id": 2,
      "polygon": [
        [
          66.0042953491211,
          36.38671875
        ],
        [
          237.08314514160156,
          36.38671875
        ],
        [
          237.08314514160156,
          65.99346923828125
        ],
        [
          66.0042953491211,
          65.99346923828125
        ]
      ]
    },
    {
      "title": "CEO observations",
      "heading_level": null,
      "page_id": 3,
      "polygon": [
        [
          566.25,
          199.599609375
        ],
        [
          880.7718505859375,
          199.599609375
        ],
        [
          880.7718505859375,
          236.24319458007812
        ],
        [
          566.25,
          236.24319458007812
        ]
      ]
    }
  ],
  "page_stats": [
    {
      "page_id": 0,
      "text_extraction_method": "pdftext",
      "block_counts": [
        [
          "Span",
          7
        ],
        [
          "Line",
          4
        ],
        [
          "Picture",
          1
        ],
        [
          "SectionHeader",
          1
        ],
        [
          "Text",
          1
        ]
      ],
      "block_metadata": {
        "llm_request_count": 0,
        "llm_error_count": 0,
        "llm_tokens_used": 0,
        "previous_text": "",
        "previous_type": "",
        "previous_order": 0
      }
    },
    {
      "page_id": 1,
      "text_extraction_method": "pdftext",
      "block_counts": [
        [
          "Span",
          45
        ],
        [
          "Line",
          14
        ],
        [
          "ListItem",
          10
        ],
        [
          "SectionHeader",
          1
        ],
        [
          "Picture",
          1
        ],
        [
          "PageFooter",
          1
        ],
        [
          "ListGroup",
          1
        ]
      ],
      "block_metadata": {
        "llm_request_count": 0,
        "llm_error_count": 0,
        "llm_tokens_used": 0,
        "previous_text": "",
        "previous_type": "",
        "previous_order": 0
      }
    },
    {
      "page_id": 2,
      "text_extraction_method": "pdftext",
      "block_counts": [
        [
          "Span",
          37
        ],
        [
          "Line",
          12
        ],
        [
          "ListItem",
          10
        ],
        [
          "SectionHeader",
          1
        ],
        [
          "Picture",
          1
        ],
        [
          "PageFooter",
          1
        ],
        [
          "ListGroup",
          1
        ]
      ],
      "block_metadata": {
        "llm_request_count": 0,
        "llm_error_count": 0,
        "llm_tokens_used": 0,
        "previous_text": "",
        "previous_type": "",
        "previous_order": 0
      }
    },
    {
      "page_id": 3,
      "text_extraction_method": "pdftext",
      "block_counts": [
        [
          "Span",
          7
        ],
        [
          "Line",
          4
        ],
        [
          "Picture",
          1
        ],
        [
          "SectionHeader",
          1
        ],
        [
          "Text",
          1
        ]
      ],
      "block_metadata": {
        "llm_request_count": 0,
        "llm_error_count": 0,
        "llm_tokens_used": 0,
        "previous_text": "",
        "previous_type": "",
        "previous_order": 0
      }
    }
  ],
  "debug_data_path": "debug_data/3Q24_CEO_presentation"
}