{
  "table_of_contents": [
    {
      "title": "Trading Update for the First Quarter Ended 31 March 2025",
      "heading_level": null,
      "page_id": 0,
      "polygon": [
        [
          72.02399444580078,
          172.2646484375
        ],
        [
          374.828125,
          172.2646484375
        ],
        [
          374.828125,
          183.8592529296875
        ],
        [
          72.02399444580078,
          183.8592529296875
        ]
      ]
    },
    {
      "title": "Dividends",
      "heading_level": null,
      "page_id": 0,
      "polygon": [
        [
          71.298828125,
          229.45928955078125
        ],
        [
          127.755859375,
          229.45928955078125
        ],
        [
          127.755859375,
          240.499267578125
        ],
        [
          71.298828125,
          240.499267578125
        ]
      ]
    },
    {
      "title": "Quarter-on-quarter performance",
      "heading_level": null,
      "page_id": 1,
      "polygon": [
        [
          72.02399444580078,
          606.5492858886719
        ],
        [
          240.24896240234375,
          606.5492858886719
        ],
        [
          240.24896240234375,
          617.5892944335938
        ],
        [
          72.02399444580078,
          617.5892944335938
        ]
      ]
    },
    {
      "title": "Year-on-year performance",
      "heading_level": null,
      "page_id": 3,
      "polygon": [
        [
          72.02399444580078,
          89.2158203125
        ],
        [
          208.93087768554688,
          89.2158203125
        ],
        [
          208.93087768554688,
          102.1392822265625
        ],
        [
          72.02399444580078,
          102.1392822265625
        ]
      ]
    },
    {
      "title": "Balance sheet",
      "heading_level": null,
      "page_id": 3,
      "polygon": [
        [
          71.880859375,
          478.749267578125
        ],
        [
          146.13551330566406,
          478.749267578125
        ],
        [
          146.13551330566406,
          489.7892761230469
        ],
        [
          71.880859375,
          489.7892761230469
        ]
      ]
    },
    {
      "title": "Notes:",
      "heading_level": null,
      "page_id": 6,
      "polygon": [
        [
          72.02399444580078,
          203.921875
        ],
        [
          93.78923034667969,
          203.921875
        ],
        [
          93.78923034667969,
          213.3238525390625
        ],
        [
          72.02399444580078,
          213.3238525390625
        ]
      ]
    }
  ],
  "page_stats": [
    {
      "page_id": 0,
      "text_extraction_method": "pdftext",
      "block_counts": [
        [
          "Span",
          87
        ],
        [
          "Line",
          27
        ],
        [
          "Text",
          12
        ],
        [
          "SectionHeader",
          2
        ],
        [
          "ListItem",
          2
        ],
        [
          "Picture",
          1
        ],
        [
          "PageFooter",
          1
        ],
        [
          "ListGroup",
          1
        ]
      ],
      "block_metadata": {
        "llm_request_count": 0,
        "llm_error_count": 0,
        "llm_tokens_used": 0,
        "previous_text": "",
        "previous_type": "",
        "previous_order": 0
      }
    },
    {
      "page_id": 1,
      "text_extraction_method": "pdftext",
      "block_counts": [
        [
          "Span",
          72
        ],
        [
          "Line",
          23
        ],
        [
          "Text",
          6
        ],
        [
          "Picture",
          1
        ],
        [
          "SectionHeader",
          1
        ],
        [
          "PageFooter",
          1
        ]
      ],
      "block_metadata": {
        "llm_request_count": 0,
        "llm_error_count": 0,
        "llm_tokens_used": 0,
        "previous_text": "",
        "previous_type": "",
        "previous_order": 0
      }
    },
    {
      "page_id": 2,
      "text_extraction_method": "pdftext",
      "block_counts": [
        [
          "Span",
          75
        ],
        [
          "Line",
          20
        ],
        [
          "Text",
          7
        ],
        [
          "Picture",
          1
        ],
        [
          "PageFooter",
          1
        ]
      ],
      "block_metadata": {
        "llm_request_count": 0,
        "llm_error_count": 0,
        "llm_tokens_used": 0,
        "previous_text": "",
        "previous_type": "",
        "previous_order": 0
      }
    },
    {
      "page_id": 3,
      "text_extraction_method": "pdftext",
      "block_counts": [
        [
          "Span",
          68
        ],
        [
          "Line",
          23
        ],
        [
          "Text",
          8
        ],
        [
          "SectionHeader",
          2
        ],
        [
          "Picture",
          1
        ],
        [
          "PageFooter",
          1
        ]
      ],
      "block_metadata": {
        "llm_request_count": 0,
        "llm_error_count": 0,
        "llm_tokens_used": 0,
        "previous_text": "",
        "previous_type": "",
        "previous_order": 0
      }
    },
    {
      "page_id": 4,
      "text_extraction_method": "pdftext",
      "block_counts": [
        [
          "Span",
          33
        ],
        [
          "Line",
          11
        ],
        [
          "Text",
          2
        ],
        [
          "Picture",
          1
        ],
        [
          "PageFooter",
          1
        ]
      ],
      "block_metadata": {
        "llm_request_count": 0,
        "llm_error_count": 0,
        "llm_tokens_used": 0,
        "previous_text": "",
        "previous_type": "",
        "previous_order": 0
      }
    },
    {
      "page_id": 5,
      "text_extraction_method": "pdftext",
      "block_counts": [
        [
          "Span",
          446
        ],
        [
          "TableCell",
          192
        ],
        [
          "Line",
          54
        ],
        [
          "Picture",
          1
        ],
        [
          "Table",
          1
        ],
        [
          "PageFooter",
          1
        ]
      ],
      "block_metadata": {
        "llm_request_count": 0,
        "llm_error_count": 0,
        "llm_tokens_used": 0,
        "previous_text": "",
        "previous_type": "",
        "previous_order": 0
      }
    },
    {
      "page_id": 6,
      "text_extraction_method": "pdftext",
      "block_counts": [
        [
          "Span",
          127
        ],
        [
          "TableCell",
          36
        ],
        [
          "Line",
          32
        ],
        [
          "ListItem",
          8
        ],
        [
          "Text",
          3
        ],
        [
          "Picture",
          1
        ],
        [
          "Table",
          1
        ],
        [
          "SectionHeader",
          1
        ],
        [
          "PageFooter",
          1
        ],
        [
          "ListGroup",
          1
        ]
      ],
      "block_metadata": {
        "llm_request_count": 0,
        "llm_error_count": 0,
        "llm_tokens_used": 0,
        "previous_text": "",
        "previous_type": "",
        "previous_order": 0
      }
    }
  ],
  "debug_data_path": "debug_data/1Q25_trading_update"
}