{
  "table_of_contents": [
    {
      "title": "Record quarterly income \nand pre-tax earnings",
      "heading_level": null,
      "page_id": 0,
      "polygon": [
        [
          454.6875,
          177.1875
        ],
        [
          890.7440795898438,
          177.1875
        ],
        [
          890.7440795898438,
          257.8432312011719
        ],
        [
          454.6875,
          257.8432312011719
        ]
      ]
    },
    {
      "title": "Highlights",
      "heading_level": null,
      "page_id": 1,
      "polygon": [
        [
          65.56339263916016,
          18.720703125
        ],
        [
          202.18995666503906,
          18.720703125
        ],
        [
          202.18995666503906,
          47.709747314453125
        ],
        [
          65.56339263916016,
          47.709747314453125
        ]
      ]
    },
    {
      "title": "1Q net profit up 10% QoQ",
      "heading_level": null,
      "page_id": 1,
      "polygon": [
        [
          66.65435791015625,
          246.26953125
        ],
        [
          285.7359619140625,
          246.26953125
        ],
        [
          285.7359619140625,
          266.01727294921875
        ],
        [
          66.65435791015625,
          266.01727294921875
        ]
      ]
    },
    {
      "title": "Balance sheet remains strong",
      "heading_level": null,
      "page_id": 1,
      "polygon": [
        [
          65.625,
          305.068359375
        ],
        [
          322.6448974609375,
          305.068359375
        ],
        [
          322.6448974609375,
          325.1832733154297
        ],
        [
          65.625,
          325.1832733154297
        ]
      ]
    },
    {
      "title": "1Q net profit declines 2% YoY",
      "heading_level": null,
      "page_id": 2,
      "polygon": [
        [
          64.29039001464844,
          23.466796875
        ],
        [
          458.7023010253906,
          23.466796875
        ],
        [
          458.7023010253906,
          54.1015625
        ],
        [
          64.29039001464844,
          54.1015625
        ]
      ]
    },
    {
      "title": "1Q net profit rises 10% QoQ",
      "heading_level": null,
      "page_id": 3,
      "polygon": [
        [
          64.29039001464844,
          23.994140625
        ],
        [
          436.379150390625,
          23.994140625
        ],
        [
          436.379150390625,
          54.1015625
        ],
        [
          64.29039001464844,
          54.1015625
        ]
      ]
    },
    {
      "title": "1Q group net interest income up 1% day-adjusted QoQ, \nNIM declines 3bp from lower interest rates",
      "heading_level": null,
      "page_id": 4,
      "polygon": [
        [
          63.75,
          23.73046875
        ],
        [
          809.376953125,
          23.73046875
        ],
        [
          809.376953125,
          86.96798706054688
        ],
        [
          63.75,
          86.96798706054688
        ]
      ]
    },
    {
      "title": "Loans up 2% QoQ led by non-trade corporate loans",
      "heading_level": null,
      "page_id": 5,
      "polygon": [
        [
          63.75,
          23.73046875
        ],
        [
          750.2145385742188,
          23.73046875
        ],
        [
          750.2145385742188,
          53.1575927734375
        ],
        [
          63.75,
          53.1575927734375
        ]
      ]
    },
    {
      "title": "Deposits up 3% QoQ from Casa inflows",
      "heading_level": null,
      "page_id": 6,
      "polygon": [
        [
          61.5,
          23.73046875
        ],
        [
          594.0,
          23.73046875
        ],
        [
          594.0,
          50.09765625
        ],
        [
          61.5,
          50.09765625
        ]
      ]
    },
    {
      "title": "1Q fee income at record with wealth management and \nloan-related fees at new highs",
      "heading_level": null,
      "page_id": 7,
      "polygon": [
        [
          65.13609313964844,
          23.466796875
        ],
        [
          789.2529296875,
          23.466796875
        ],
        [
          789.2529296875,
          86.76589965820312
        ],
        [
          65.13609313964844,
          86.76589965820312
        ]
      ]
    },
    {
      "title": "Record quarterly Wealth Management income, AUM at new high",
      "heading_level": null,
      "page_id": 8,
      "polygon": [
        [
          65.625,
          23.466796875
        ],
        [
          914.9365844726562,
          23.466796875
        ],
        [
          914.9365844726562,
          53.157989501953125
        ],
        [
          65.625,
          53.157989501953125
        ]
      ]
    },
    {
      "title": "1Q commercial book non-interest income up YoY and QoQ \nfrom record fee income and treasury customer sales",
      "heading_level": null,
      "page_id": 9,
      "polygon": [
        [
          54.375,
          23.73046875
        ],
        [
          840.9577026367188,
          23.73046875
        ],
        [
          840.9577026367188,
          86.76577758789062
        ],
        [
          54.375,
          86.76577758789062
        ]
      ]
    },
    {
      "title": "1Q expenses up 6% YoY, cost-income ratio stable at 37%",
      "heading_level": null,
      "page_id": 10,
      "polygon": [
        [
          65.01770782470703,
          23.203125
        ],
        [
          819.6328125,
          23.203125
        ],
        [
          819.6328125,
          53.36016845703125
        ],
        [
          65.01770782470703,
          53.36016845703125
        ]
      ]
    },
    {
      "title": "NPA declines 3% QoQ due to lower new NPA formation and \nhigher upgrades",
      "heading_level": null,
      "page_id": 11,
      "polygon": [
        [
          63.75,
          25.048828125
        ],
        [
          857.7813720703125,
          25.048828125
        ],
        [
          857.7813720703125,
          87.70947265625
        ],
        [
          63.75,
          87.70947265625
        ]
      ]
    },
    {
      "title": "1Q SP at 10bp",
      "heading_level": null,
      "page_id": 12,
      "polygon": [
        [
          64.29029083251953,
          24.78515625
        ],
        [
          259.7614440917969,
          24.78515625
        ],
        [
          259.7614440917969,
          54.1015625
        ],
        [
          64.29029083251953,
          54.1015625
        ]
      ]
    },
    {
      "title": "General allowance of $205m taken as prudent measure, \nallowance coverage ratio rises to 137%",
      "heading_level": null,
      "page_id": 13,
      "polygon": [
        [
          64.29029083251953,
          24.2578125
        ],
        [
          810.6185302734375,
          24.2578125
        ],
        [
          810.6185302734375,
          87.70947265625
        ],
        [
          64.29029083251953,
          87.70947265625
        ]
      ]
    },
    {
      "title": "Strong CET-1 and leverage ratios",
      "heading_level": null,
      "page_id": 14,
      "polygon": [
        [
          66.26099395751953,
          22.939453125
        ],
        [
          506.994384765625,
          22.939453125
        ],
        [
          506.994384765625,
          53.157867431640625
        ],
        [
          66.26099395751953,
          53.157867431640625
        ]
      ]
    },
    {
      "title": "1Q total dividend of 75\u00a2 per share, comprising 60\u00a2 ordinary \ndividend and 15\u00a2 Capital Return dividend",
      "heading_level": null,
      "page_id": 15,
      "polygon": [
        [
          66.26089477539062,
          23.994140625
        ],
        [
          864.79833984375,
          23.994140625
        ],
        [
          864.79833984375,
          86.76589965820312
        ],
        [
          66.26089477539062,
          86.76589965820312
        ]
      ]
    },
    {
      "title": "In summary",
      "heading_level": null,
      "page_id": 16,
      "polygon": [
        [
          66.26099395751953,
          23.994140625
        ],
        [
          230.73287963867188,
          23.994140625
        ],
        [
          230.73287963867188,
          53.157867431640625
        ],
        [
          66.26099395751953,
          53.157867431640625
        ]
      ]
    },
    {
      "title": "Record quarterly income \nand pre-tax earnings",
      "heading_level": null,
      "page_id": 17,
      "polygon": [
        [
          454.6875,
          177.1875
        ],
        [
          890.7440795898438,
          177.1875
        ],
        [
          890.7440795898438,
          257.8432312011719
        ],
        [
          454.6875,
          257.8432312011719
        ]
      ]
    }
  ],
  "page_stats": [
    {
      "page_id": 0,
      "text_extraction_method": "pdftext",
      "block_counts": [
        [
          "Span",
          9
        ],
        [
          "Line",
          5
        ],
        [
          "Picture",
          1
        ],
        [
          "SectionHeader",
          1
        ],
        [
          "Text",
          1
        ]
      ],
      "block_metadata": {
        "llm_request_count": 0,
        "llm_error_count": 0,
        "llm_tokens_used": 0,
        "previous_text": "",
        "previous_type": "",
        "previous_order": 0
      }
    },
    {
      "page_id": 1,
      "text_extraction_method": "pdftext",
      "block_counts": [
        [
          "Span",
          42
        ],
        [
          "Line",
          16
        ],
        [
          "ListItem",
          8
        ],
        [
          "SectionHeader",
          3
        ],
        [
          "Text",
          3
        ],
        [
          "ListGroup",
          2
        ],
        [
          "Picture",
          1
        ],
        [
          "PageFooter",
          1
        ]
      ],
      "block_metadata": {
        "llm_request_count": 0,
        "llm_error_count": 0,
        "llm_tokens_used": 0,
        "previous_text": "",
        "previous_type": "",
        "previous_order": 0
      }
    },
    {
      "page_id": 2,
      "text_extraction_method": "pdftext",
      "block_counts": [
        [
          "Span",
          167
        ],
        [
          "Line",
          65
        ],
        [
          "SectionHeader",
          1
        ],
        [
          "Figure",
          1
        ],
        [
          "PageFooter",
          1
        ]
      ],
      "block_metadata": {
        "llm_request_count": 0,
        "llm_error_count": 0,
        "llm_tokens_used": 0,
        "previous_text": "",
        "previous_type": "",
        "previous_order": 0
      }
    },
    {
      "page_id": 3,
      "text_extraction_method": "pdftext",
      "block_counts": [
        [
          "Span",
          169
        ],
        [
          "Line",
          66
        ],
        [
          "SectionHeader",
          1
        ],
        [
          "Figure",
          1
        ],
        [
          "PageFooter",
          1
        ]
      ],
      "block_metadata": {
        "llm_request_count": 0,
        "llm_error_count": 0,
        "llm_tokens_used": 0,
        "previous_text": "",
        "previous_type": "",
        "previous_order": 0
      }
    },
    {
      "page_id": 4,
      "text_extraction_method": "pdftext",
      "block_counts": [
        [
          "Span",
          79
        ],
        [
          "Line",
          24
        ],
        [
          "SectionHeader",
          1
        ],
        [
          "Figure",
          1
        ],
        [
          "PageFooter",
          1
        ]
      ],
      "block_metadata": {
        "llm_request_count": 0,
        "llm_error_count": 0,
        "llm_tokens_used": 0,
        "previous_text": "",
        "previous_type": "",
        "previous_order": 0
      }
    },
    {
      "page_id": 5,
      "text_extraction_method": "pdftext",
      "block_counts": [
        [
          "Span",
          89
        ],
        [
          "Line",
          43
        ],
        [
          "Picture",
          2
        ],
        [
          "SectionHeader",
          1
        ],
        [
          "Figure",
          1
        ],
        [
          "PageFooter",
          1
        ]
      ],
      "block_metadata": {
        "llm_request_count": 0,
        "llm_error_count": 0,
        "llm_tokens_used": 0,
        "previous_text": "",
        "previous_type": "",
        "previous_order": 0
      }
    },
    {
      "page_id": 6,
      "text_extraction_method": "surya",
      "block_counts": [
        [
          "Line",
          43
        ],
        [
          "Span",
          2
        ],
        [
          "SectionHeader",
          1
        ],
        [
          "Figure",
          1
        ],
        [
          "Picture",
          1
        ],
        [
          "PageFooter",
          1
        ]
      ],
      "block_metadata": {
        "llm_request_count": 0,
        "llm_error_count": 0,
        "llm_tokens_used": 0,
        "previous_text": "",
        "previous_type": "",
        "previous_order": 0
      }
    },
    {
      "page_id": 7,
      "text_extraction_method": "pdftext",
      "block_counts": [
        [
          "Span",
          115
        ],
        [
          "Line",
          32
        ],
        [
          "Picture",
          2
        ],
        [
          "SectionHeader",
          1
        ],
        [
          "Text",
          1
        ],
        [
          "PageFooter",
          1
        ]
      ],
      "block_metadata": {
        "llm_request_count": 0,
        "llm_error_count": 0,
        "llm_tokens_used": 0,
        "previous_text": "",
        "previous_type": "",
        "previous_order": 0
      }
    },
    {
      "page_id": 8,
      "text_extraction_method": "pdftext",
      "block_counts": [
        [
          "Span",
          105
        ],
        [
          "Line",
          32
        ],
        [
          "Picture",
          2
        ],
        [
          "PageFooter",
          2
        ],
        [
          "SectionHeader",
          1
        ]
      ],
      "block_metadata": {
        "llm_request_count": 0,
        "llm_error_count": 0,
        "llm_tokens_used": 0,
        "previous_text": "",
        "previous_type": "",
        "previous_order": 0
      }
    },
    {
      "page_id": 9,
      "text_extraction_method": "pdftext",
      "block_counts": [
        [
          "Span",
          97
        ],
        [
          "Line",
          34
        ],
        [
          "Picture",
          2
        ],
        [
          "SectionHeader",
          1
        ],
        [
          "PageFooter",
          1
        ]
      ],
      "block_metadata": {
        "llm_request_count": 0,
        "llm_error_count": 0,
        "llm_tokens_used": 0,
        "previous_text": "",
        "previous_type": "",
        "previous_order": 0
      }
    },
    {
      "page_id": 10,
      "text_extraction_method": "pdftext",
      "block_counts": [
        [
          "Span",
          61
        ],
        [
          "Line",
          16
        ],
        [
          "SectionHeader",
          1
        ],
        [
          "Figure",
          1
        ],
        [
          "Picture",
          1
        ],
        [
          "PageFooter",
          1
        ]
      ],
      "block_metadata": {
        "llm_request_count": 0,
        "llm_error_count": 0,
        "llm_tokens_used": 0,
        "previous_text": "",
        "previous_type": "",
        "previous_order": 0
      }
    },
    {
      "page_id": 11,
      "text_extraction_method": "pdftext",
      "block_counts": [
        [
          "Span",
          125
        ],
        [
          "TableCell",
          60
        ],
        [
          "Line",
          13
        ],
        [
          "SectionHeader",
          1
        ],
        [
          "Table",
          1
        ],
        [
          "Picture",
          1
        ],
        [
          "PageFooter",
          1
        ]
      ],
      "block_metadata": {
        "llm_request_count": 0,
        "llm_error_count": 0,
        "llm_tokens_used": 0,
        "previous_text": "",
        "previous_type": "",
        "previous_order": 0
      }
    },
    {
      "page_id": 12,
      "text_extraction_method": "pdftext",
      "block_counts": [
        [
          "Span",
          171
        ],
        [
          "TableCell",
          84
        ],
        [
          "Line",
          28
        ],
        [
          "SectionHeader",
          1
        ],
        [
          "Table",
          1
        ],
        [
          "Picture",
          1
        ],
        [
          "PageFooter",
          1
        ]
      ],
      "block_metadata": {
        "llm_request_count": 0,
        "llm_error_count": 0,
        "llm_tokens_used": 0,
        "previous_text": "",
        "previous_type": "",
        "previous_order": 0
      }
    },
    {
      "page_id": 13,
      "text_extraction_method": "pdftext",
      "block_counts": [
        [
          "Span",
          77
        ],
        [
          "TableCell",
          42
        ],
        [
          "Line",
          15
        ],
        [
          "SectionHeader",
          1
        ],
        [
          "Table",
          1
        ],
        [
          "Picture",
          1
        ],
        [
          "PageFooter",
          1
        ]
      ],
      "block_metadata": {
        "llm_request_count": 0,
        "llm_error_count": 0,
        "llm_tokens_used": 0,
        "previous_text": "",
        "previous_type": "",
        "previous_order": 0
      }
    },
    {
      "page_id": 14,
      "text_extraction_method": "pdftext",
      "block_counts": [
        [
          "Span",
          101
        ],
        [
          "TableCell",
          78
        ],
        [
          "Line",
          20
        ],
        [
          "PageFooter",
          2
        ],
        [
          "SectionHeader",
          1
        ],
        [
          "Table",
          1
        ],
        [
          "Picture",
          1
        ]
      ],
      "block_metadata": {
        "llm_request_count": 0,
        "llm_error_count": 0,
        "llm_tokens_used": 0,
        "previous_text": "",
        "previous_type": "",
        "previous_order": 0
      }
    },
    {
      "page_id": 15,
      "text_extraction_method": "pdftext",
      "block_counts": [
        [
          "Span",
          53
        ],
        [
          "Line",
          23
        ],
        [
          "PageFooter",
          2
        ],
        [
          "SectionHeader",
          1
        ],
        [
          "Text",
          1
        ],
        [
          "Picture",
          1
        ]
      ],
      "block_metadata": {
        "llm_request_count": 0,
        "llm_error_count": 0,
        "llm_tokens_used": 0,
        "previous_text": "",
        "previous_type": "",
        "previous_order": 0
      }
    },
    {
      "page_id": 16,
      "text_extraction_method": "pdftext",
      "block_counts": [
        [
          "Span",
          17
        ],
        [
          "Line",
          9
        ],
        [
          "Text",
          4
        ],
        [
          "SectionHeader",
          1
        ],
        [
          "Picture",
          1
        ],
        [
          "PageFooter",
          1
        ]
      ],
      "block_metadata": {
        "llm_request_count": 0,
        "llm_error_count": 0,
        "llm_tokens_used": 0,
        "previous_text": "",
        "previous_type": "",
        "previous_order": 0
      }
    },
    {
      "page_id": 17,
      "text_extraction_method": "pdftext",
      "block_counts": [
        [
          "Span",
          9
        ],
        [
          "Line",
          5
        ],
        [
          "Picture",
          1
        ],
        [
          "SectionHeader",
          1
        ],
        [
          "Text",
          1
        ]
      ],
      "block_metadata": {
        "llm_request_count": 0,
        "llm_error_count": 0,
        "llm_tokens_used": 0,
        "previous_text": "",
        "previous_type": "",
        "previous_order": 0
      }
    }
  ],
  "debug_data_path": "debug_data/1Q25_CFO_presentation"
}