{
  "table_of_contents": [
    {
      "title": "Financial Results for the Year Ended 31 December 2024",
      "heading_level": null,
      "page_id": 0,
      "polygon": [
        [
          71.58984375,
          149.81591796875
        ],
        [
          336.0877380371094,
          149.81591796875
        ],
        [
          336.0877380371094,
          159.77587890625
        ],
        [
          71.58984375,
          159.77587890625
        ]
      ]
    },
    {
      "title": "Dividends",
      "heading_level": null,
      "page_id": 0,
      "polygon": [
        [
          71.58984375,
          189.12109375
        ],
        [
          119.6726303100586,
          189.12109375
        ],
        [
          119.6726303100586,
          200.21588134765625
        ],
        [
          71.58984375,
          200.21588134765625
        ]
      ]
    },
    {
      "title": "DBS GROUP HOLDINGS LTD AND ITS SUBSIDIARIES",
      "heading_level": null,
      "page_id": 2,
      "polygon": [
        [
          73.3359375,
          49.9208984375
        ],
        [
          406.2578125,
          49.9208984375
        ],
        [
          406.2578125,
          62.88092041015625
        ],
        [
          73.3359375,
          62.88092041015625
        ]
      ]
    },
    {
      "title": "DBS GROUP HOLDINGS LTD AND ITS SUBSIDIARIES",
      "heading_level": null,
      "page_id": 3,
      "polygon": [
        [
          74.42399597167969,
          49.9208984375
        ],
        [
          407.421875,
          49.9208984375
        ],
        [
          407.421875,
          62.88092041015625
        ],
        [
          74.42399597167969,
          62.88092041015625
        ]
      ]
    },
    {
      "title": "OVERVIEW",
      "heading_level": null,
      "page_id": 3,
      "polygon": [
        [
          49.763671875,
          72.7705078125
        ],
        [
          99.0780029296875,
          72.7705078125
        ],
        [
          99.0780029296875,
          83.61505126953125
        ],
        [
          49.763671875,
          83.61505126953125
        ]
      ]
    },
    {
      "title": "DBS GROUP HOLDINGS LTD AND ITS SUBSIDIARIES",
      "heading_level": null,
      "page_id": 4,
      "polygon": [
        [
          72.171875,
          49.7470703125
        ],
        [
          407.421875,
          49.7470703125
        ],
        [
          407.421875,
          62.88092041015625
        ],
        [
          72.171875,
          62.88092041015625
        ]
      ]
    },
    {
      "title": "DBS GROUP HOLDINGS LTD AND ITS SUBSIDIARIES",
      "heading_level": null,
      "page_id": 5,
      "polygon": [
        [
          73.3359375,
          48.9248046875
        ],
        [
          406.2578125,
          48.9248046875
        ],
        [
          406.2578125,
          62.88092041015625
        ],
        [
          73.3359375,
          62.88092041015625
        ]
      ]
    },
    {
      "title": "Notes:",
      "heading_level": null,
      "page_id": 5,
      "polygon": [
        [
          34.630859375,
          185.009765625
        ],
        [
          58.494140625,
          185.009765625
        ],
        [
          58.494140625,
          194.36383056640625
        ],
        [
          34.630859375,
          194.36383056640625
        ]
      ]
    },
    {
      "title": "DBS GROUP HOLDINGS LTD AND ITS SUBSIDIARIES\n4th Qtr\n2024\n4th Qtr\n2023\n%\nchg\n3rd Qtr\n2024\n%\nchg\nSelected income statement items ($m)\nCommercial book total income 5,347 4,894 9 5,422 (1)\n Net interest income 3,831 3,637 5 3,796 1\n Net fee and commission income 968 867 12 1,109 (13)\n Treasury customer sales and other income 548 390 41 517 6\nMarkets trading Income 158 113 40 331 (52)\n Net interest income1\n(103) (203) 49 (199) 48\n Non-interest income 261 316 (17) 530 (51)\nTotal income 5,505 5,007 10 5,753 (4)\nExpenses 2,395 2,205 9 2,249 6\nProfit before allowances and amortisation 3,110 2,802 11 3,504 (11)\nAmortisation of intangible assets 5 9 (44) 6 (17)\nAllowances for credit and other losses 209 142 47 130 61\n ECL Stage 3 (SP) 229 139 65 120 91\n ECL Stage 1 and 2 (GP) (20) 3 NM 10 NM\nShare of profits/losses of associates and JVs 70 47 49 66 6\nProfit before tax 2,966 2,698 10 3,434 (14)\nNet profit 2,622 2,393 10 3,027 (13)\nCiti Integration - (24) NM - -\nProvision for CSR2\n(100) (100) - - NM\nReported net profit 2,522 2,269 11 3,027 (17)\nSelected balance sheet items ($m)\nCustomer loans 430,594 416,163 3 418,068 3\n Constant-currency change 3 1\nTotal assets 827,219 739,301 12 789,609 5\n of which: Non-performing assets 5,036 5,056 (0) 4,680 8\nCustomer deposits 561,730 535,103 5 544,961 3\n Constant-currency change 4 0\nTotal liabilities 758,386 677,054 12 722,154 5\nShareholders' funds 68,786 62,065 11 67,266 2\nKey financial ratios (%)3,4\nNet interest margin \u2013 Group1 2.15 2.13 2.11\nNet interest margin \u2013 Commercial Book 2.77 2.75 2.83\nCost/ income ratio 43.5 44.0 39.1\nReturn on assets 1.30 1.28 1.52\nReturn on equity5,6 15.8 16.1 18.7\nNPL ratio 1.1 1.1 1.0\nTotal allowances/ NPA 129 128 135\nTotal allowances/ unsecured NPA 226 226 242",
      "heading_level": null,
      "page_id": 6,
      "polygon": [
        [
          50.0546875,
          41.11328125
        ],
        [
          545.9453125,
          41.11328125
        ],
        [
          545.9453125,
          613.41015625
        ],
        [
          50.0546875,
          613.41015625
        ]
      ]
    },
    {
      "title": "DBS GROUP HOLDINGS LTD AND ITS SUBSIDIARIES",
      "heading_level": null,
      "page_id": 7,
      "polygon": [
        [
          74.42399597167969,
          49.3359375
        ],
        [
          406.2578125,
          49.3359375
        ],
        [
          406.2578125,
          62.88092041015625
        ],
        [
          74.42399597167969,
          62.88092041015625
        ]
      ]
    },
    {
      "title": "Notes:",
      "heading_level": null,
      "page_id": 7,
      "polygon": [
        [
          48.890625,
          174.3203125
        ],
        [
          72.41399383544922,
          174.3203125
        ],
        [
          72.41399383544922,
          182.84381103515625
        ],
        [
          48.890625,
          182.84381103515625
        ]
      ]
    },
    {
      "title": "DBS GROUP HOLDINGS LTD AND ITS SUBSIDIARIES",
      "heading_level": null,
      "page_id": 8,
      "polygon": [
        [
          74.42399597167969,
          49.9208984375
        ],
        [
          405.7593078613281,
          49.9208984375
        ],
        [
          405.7593078613281,
          62.88092041015625
        ],
        [
          74.42399597167969,
          62.88092041015625
        ]
      ]
    },
    {
      "title": "Second Half",
      "heading_level": null,
      "page_id": 8,
      "polygon": [
        [
          49.763671875,
          72.7705078125
        ],
        [
          105.17100524902344,
          72.7705078125
        ],
        [
          105.17100524902344,
          83.61505126953125
        ],
        [
          49.763671875,
          83.61505126953125
        ]
      ]
    },
    {
      "title": "Fourth Quarter",
      "heading_level": null,
      "page_id": 8,
      "polygon": [
        [
          303.529296875,
          105.6611328125
        ],
        [
          368.3060302734375,
          105.6611328125
        ],
        [
          368.3060302734375,
          114.71502685546875
        ],
        [
          303.529296875,
          114.71502685546875
        ]
      ]
    },
    {
      "title": "Full Year",
      "heading_level": null,
      "page_id": 8,
      "polygon": [
        [
          304.40234375,
          584.2197265625
        ],
        [
          342.8810119628906,
          584.2197265625
        ],
        [
          342.8810119628906,
          594.2850799560547
        ],
        [
          304.40234375,
          594.2850799560547
        ]
      ]
    },
    {
      "title": "DBS GROUP HOLDINGS LTD AND ITS SUBSIDIARIES",
      "heading_level": null,
      "page_id": 9,
      "polygon": [
        [
          74.42399597167969,
          49.7470703125
        ],
        [
          405.7593078613281,
          49.7470703125
        ],
        [
          405.7593078613281,
          62.88092041015625
        ],
        [
          74.42399597167969,
          62.88092041015625
        ]
      ]
    },
    {
      "title": "NET INTEREST INCOME",
      "heading_level": null,
      "page_id": 9,
      "polygon": [
        [
          49.763671875,
          74.4150390625
        ],
        [
          156.67799377441406,
          74.4150390625
        ],
        [
          156.67799377441406,
          83.61505126953125
        ],
        [
          49.763671875,
          83.61505126953125
        ]
      ]
    },
    {
      "title": "DBS GROUP HOLDINGS LTD AND ITS SUBSIDIARIES",
      "heading_level": null,
      "page_id": 10,
      "polygon": [
        [
          73.3359375,
          49.7470703125
        ],
        [
          406.2578125,
          49.7470703125
        ],
        [
          406.2578125,
          62.88092041015625
        ],
        [
          73.3359375,
          62.88092041015625
        ]
      ]
    },
    {
      "title": "DBS GROUP HOLDINGS LTD AND ITS SUBSIDIARIES",
      "heading_level": null,
      "page_id": 11,
      "polygon": [
        [
          73.3359375,
          49.7470703125
        ],
        [
          406.2578125,
          49.7470703125
        ],
        [
          406.2578125,
          62.88092041015625
        ],
        [
          73.3359375,
          62.88092041015625
        ]
      ]
    },
    {
      "title": "NET FEE AND COMMISSION INCOME1",
      "heading_level": null,
      "page_id": 11,
      "polygon": [
        [
          47.7265625,
          72.7705078125
        ],
        [
          211.859375,
          72.7705078125
        ],
        [
          211.859375,
          83.61505126953125
        ],
        [
          47.7265625,
          83.61505126953125
        ]
      ]
    },
    {
      "title": "Notes:",
      "heading_level": null,
      "page_id": 11,
      "polygon": [
        [
          49.181640625,
          251.61328125
        ],
        [
          73.2464370727539,
          251.61328125
        ],
        [
          73.2464370727539,
          261.0838623046875
        ],
        [
          49.181640625,
          261.0838623046875
        ]
      ]
    },
    {
      "title": "OTHER NON-INTEREST INCOME",
      "heading_level": null,
      "page_id": 11,
      "polygon": [
        [
          48.30859375,
          432.9228515625
        ],
        [
          191.97500610351562,
          432.9228515625
        ],
        [
          191.97500610351562,
          442.48504638671875
        ],
        [
          48.30859375,
          442.48504638671875
        ]
      ]
    },
    {
      "title": "DBS GROUP HOLDINGS LTD AND ITS SUBSIDIARIES",
      "heading_level": null,
      "page_id": 12,
      "polygon": [
        [
          72.171875,
          49.7470703125
        ],
        [
          405.7593078613281,
          49.7470703125
        ],
        [
          405.7593078613281,
          62.88092041015625
        ],
        [
          72.171875,
          62.88092041015625
        ]
      ]
    },
    {
      "title": "EXPENSES1",
      "heading_level": null,
      "page_id": 12,
      "polygon": [
        [
          48.017578125,
          74.050048828125
        ],
        [
          100.68000030517578,
          74.050048828125
        ],
        [
          100.68000030517578,
          83.61505126953125
        ],
        [
          48.017578125,
          83.61505126953125
        ]
      ]
    },
    {
      "title": "ALLOWANCES FOR CREDIT AND OTHER LOSSES",
      "heading_level": null,
      "page_id": 12,
      "polygon": [
        [
          45.3984375,
          356.0650634765625
        ],
        [
          264.4649963378906,
          356.0650634765625
        ],
        [
          264.4649963378906,
          365.0650634765625
        ],
        [
          45.3984375,
          365.0650634765625
        ]
      ]
    },
    {
      "title": "DBS GROUP HOLDINGS LTD AND ITS SUBSIDIARIES",
      "heading_level": null,
      "page_id": 13,
      "polygon": [
        [
          72.171875,
          49.7470703125
        ],
        [
          407.421875,
          49.7470703125
        ],
        [
          407.421875,
          62.88092041015625
        ],
        [
          72.171875,
          62.88092041015625
        ]
      ]
    },
    {
      "title": "PERFORMANCE BY BUSINESS SEGMENTS",
      "heading_level": null,
      "page_id": 13,
      "polygon": [
        [
          49.47265625,
          74.4150390625
        ],
        [
          238.05078125,
          74.4150390625
        ],
        [
          238.05078125,
          83.73504638671875
        ],
        [
          49.47265625,
          83.73504638671875
        ]
      ]
    },
    {
      "title": "DBS GROUP HOLDINGS LTD AND ITS SUBSIDIARIES",
      "heading_level": null,
      "page_id": 14,
      "polygon": [
        [
          73.3359375,
          48.9248046875
        ],
        [
          406.2578125,
          48.9248046875
        ],
        [
          406.2578125,
          62.88092041015625
        ],
        [
          73.3359375,
          62.88092041015625
        ]
      ]
    },
    {
      "title": "Notes:",
      "heading_level": null,
      "page_id": 14,
      "polygon": [
        [
          42.48828125,
          485.5478515625
        ],
        [
          67.48643493652344,
          485.5478515625
        ],
        [
          67.48643493652344,
          494.5927734375
        ],
        [
          42.48828125,
          494.5927734375
        ]
      ]
    },
    {
      "title": "DBS GROUP HOLDINGS LTD AND ITS SUBSIDIARIES",
      "heading_level": null,
      "page_id": 15,
      "polygon": [
        [
          74.42399597167969,
          49.7470703125
        ],
        [
          405.7593078613281,
          49.7470703125
        ],
        [
          405.7593078613281,
          62.88092041015625
        ],
        [
          74.42399597167969,
          62.88092041015625
        ]
      ]
    },
    {
      "title": "Consumer Banking/ Wealth Management",
      "heading_level": null,
      "page_id": 15,
      "polygon": [
        [
          50.0546875,
          219.1337890625
        ],
        [
          225.10496520996094,
          219.1337890625
        ],
        [
          225.10496520996094,
          228.5950927734375
        ],
        [
          50.0546875,
          228.5950927734375
        ]
      ]
    },
    {
      "title": "Institutional Banking",
      "heading_level": null,
      "page_id": 15,
      "polygon": [
        [
          49.763671875,
          623.2350769042969
        ],
        [
          139.7039794921875,
          623.2350769042969
        ],
        [
          139.7039794921875,
          632.7333984375
        ],
        [
          49.763671875,
          632.7333984375
        ]
      ]
    },
    {
      "title": "DBS GROUP HOLDINGS LTD AND ITS SUBSIDIARIES",
      "heading_level": null,
      "page_id": 16,
      "polygon": [
        [
          73.3359375,
          49.7470703125
        ],
        [
          406.2578125,
          49.7470703125
        ],
        [
          406.2578125,
          62.88092041015625
        ],
        [
          73.3359375,
          62.88092041015625
        ]
      ]
    },
    {
      "title": "Markets Trading",
      "heading_level": null,
      "page_id": 16,
      "polygon": [
        [
          50.0546875,
          73.5927734375
        ],
        [
          120.22199249267578,
          73.5927734375
        ],
        [
          120.22199249267578,
          83.61505126953125
        ],
        [
          50.0546875,
          83.61505126953125
        ]
      ]
    },
    {
      "title": "Others",
      "heading_level": null,
      "page_id": 16,
      "polygon": [
        [
          313.27001953125,
          291.08203125
        ],
        [
          342.81640625,
          291.08203125
        ],
        [
          342.81640625,
          300.50506591796875
        ],
        [
          313.27001953125,
          300.50506591796875
        ]
      ]
    },
    {
      "title": "DBS GROUP HOLDINGS LTD AND ITS SUBSIDIARIES",
      "heading_level": null,
      "page_id": 17,
      "polygon": [
        [
          73.3359375,
          49.7470703125
        ],
        [
          406.2578125,
          49.7470703125
        ],
        [
          406.2578125,
          62.88092041015625
        ],
        [
          73.3359375,
          62.88092041015625
        ]
      ]
    },
    {
      "title": "PERFORMANCE BY GEOGRAPHY",
      "heading_level": null,
      "page_id": 17,
      "polygon": [
        [
          49.44000244140625,
          72.7705078125
        ],
        [
          196.14453125,
          72.7705078125
        ],
        [
          196.14453125,
          83.61505126953125
        ],
        [
          49.44000244140625,
          83.61505126953125
        ]
      ]
    },
    {
      "title": "DBS GROUP HOLDINGS LTD AND ITS SUBSIDIARIES",
      "heading_level": null,
      "page_id": 18,
      "polygon": [
        [
          74.42399597167969,
          48.9248046875
        ],
        [
          407.421875,
          48.9248046875
        ],
        [
          407.421875,
          62.88092041015625
        ],
        [
          74.42399597167969,
          62.88092041015625
        ]
      ]
    },
    {
      "title": "DBS GROUP HOLDINGS LTD AND ITS SUBSIDIARIES",
      "heading_level": null,
      "page_id": 19,
      "polygon": [
        [
          74.42399597167969,
          49.7470703125
        ],
        [
          405.7593078613281,
          49.7470703125
        ],
        [
          405.7593078613281,
          62.88092041015625
        ],
        [
          74.42399597167969,
          62.88092041015625
        ]
      ]
    },
    {
      "title": "Singapore",
      "heading_level": null,
      "page_id": 19,
      "polygon": [
        [
          50.0546875,
          248.7353515625
        ],
        [
          94.75799560546875,
          248.7353515625
        ],
        [
          94.75799560546875,
          258.47503662109375
        ],
        [
          50.0546875,
          258.47503662109375
        ]
      ]
    },
    {
      "title": "Hong Kong",
      "heading_level": null,
      "page_id": 19,
      "polygon": [
        [
          50.63671875,
          617.1103515625
        ],
        [
          99.2040023803711,
          617.1103515625
        ],
        [
          99.2040023803711,
          626.4750671386719
        ],
        [
          50.63671875,
          626.4750671386719
        ]
      ]
    },
    {
      "title": "Rest of Greater China",
      "heading_level": null,
      "page_id": 19,
      "polygon": [
        [
          312.259765625,
          364.4650573730469
        ],
        [
          405.6880187988281,
          364.4650573730469
        ],
        [
          405.6880187988281,
          373.4650573730469
        ],
        [
          312.259765625,
          373.4650573730469
        ]
      ]
    },
    {
      "title": "DBS GROUP HOLDINGS LTD AND ITS SUBSIDIARIES",
      "heading_level": null,
      "page_id": 20,
      "polygon": [
        [
          74.42399597167969,
          49.7470703125
        ],
        [
          407.421875,
          49.7470703125
        ],
        [
          407.421875,
          62.88092041015625
        ],
        [
          74.42399597167969,
          62.88092041015625
        ]
      ]
    },
    {
      "title": "South and Southeast Asia",
      "heading_level": null,
      "page_id": 20,
      "polygon": [
        [
          50.0546875,
          74.4150390625
        ],
        [
          162.96875,
          74.4150390625
        ],
        [
          162.96875,
          83.61505126953125
        ],
        [
          50.0546875,
          83.61505126953125
        ]
      ]
    },
    {
      "title": "Rest of the World",
      "heading_level": null,
      "page_id": 20,
      "polygon": [
        [
          311.677734375,
          105.6611328125
        ],
        [
          387.7239990234375,
          105.6611328125
        ],
        [
          387.7239990234375,
          114.71502685546875
        ],
        [
          311.677734375,
          114.71502685546875
        ]
      ]
    },
    {
      "title": "DBS GROUP HOLDINGS LTD AND ITS SUBSIDIARIES",
      "heading_level": null,
      "page_id": 21,
      "polygon": [
        [
          72.171875,
          49.7470703125
        ],
        [
          405.7593078613281,
          49.7470703125
        ],
        [
          405.7593078613281,
          62.88092041015625
        ],
        [
          72.171875,
          62.88092041015625
        ]
      ]
    },
    {
      "title": "CUSTOMER LOANS",
      "heading_level": null,
      "page_id": 21,
      "polygon": [
        [
          46.853515625,
          72.7705078125
        ],
        [
          135.46800231933594,
          72.7705078125
        ],
        [
          135.46800231933594,
          83.61505126953125
        ],
        [
          46.853515625,
          83.61505126953125
        ]
      ]
    },
    {
      "title": "DBS GROUP HOLDINGS LTD AND ITS SUBSIDIARIES",
      "heading_level": null,
      "page_id": 22,
      "polygon": [
        [
          71.0078125,
          49.7470703125
        ],
        [
          405.7593078613281,
          49.7470703125
        ],
        [
          405.7593078613281,
          62.88092041015625
        ],
        [
          71.0078125,
          62.88092041015625
        ]
      ]
    },
    {
      "title": "NON-PERFORMING ASSETS AND LOSS ALLOWANCE COVERAGE",
      "heading_level": null,
      "page_id": 22,
      "polygon": [
        [
          47.52000045776367,
          72.7705078125
        ],
        [
          334.0859375,
          72.7705078125
        ],
        [
          334.0859375,
          83.61505126953125
        ],
        [
          47.52000045776367,
          83.61505126953125
        ]
      ]
    },
    {
      "title": "DBS GROUP HOLDINGS LTD AND ITS SUBSIDIARIES",
      "heading_level": null,
      "page_id": 23,
      "polygon": [
        [
          73.3359375,
          49.7470703125
        ],
        [
          405.7593078613281,
          49.7470703125
        ],
        [
          405.7593078613281,
          62.88092041015625
        ],
        [
          73.3359375,
          62.88092041015625
        ]
      ]
    },
    {
      "title": "DBS GROUP HOLDINGS LTD AND ITS SUBSIDIARIES",
      "heading_level": null,
      "page_id": 24,
      "polygon": [
        [
          71.0078125,
          49.3359375
        ],
        [
          406.2578125,
          49.3359375
        ],
        [
          406.2578125,
          62.88092041015625
        ],
        [
          71.0078125,
          62.88092041015625
        ]
      ]
    },
    {
      "title": "DBS GROUP HOLDINGS LTD AND ITS SUBSIDIARIES",
      "heading_level": null,
      "page_id": 25,
      "polygon": [
        [
          73.3359375,
          49.7470703125
        ],
        [
          405.7593078613281,
          49.7470703125
        ],
        [
          405.7593078613281,
          62.88092041015625
        ],
        [
          73.3359375,
          62.88092041015625
        ]
      ]
    },
    {
      "title": "CUSTOMER DEPOSITS",
      "heading_level": null,
      "page_id": 25,
      "polygon": [
        [
          46.5625,
          74.4150390625
        ],
        [
          146.25900268554688,
          74.4150390625
        ],
        [
          146.25900268554688,
          83.61505126953125
        ],
        [
          46.5625,
          83.61505126953125
        ]
      ]
    },
    {
      "title": "DEBTS ISSUED",
      "heading_level": null,
      "page_id": 25,
      "polygon": [
        [
          46.79999923706055,
          554.6181640625
        ],
        [
          113.787109375,
          554.6181640625
        ],
        [
          113.787109375,
          566.0850524902344
        ],
        [
          46.79999923706055,
          566.0850524902344
        ]
      ]
    },
    {
      "title": "DBS GROUP HOLDINGS LTD AND ITS SUBSIDIARIES",
      "heading_level": null,
      "page_id": 26,
      "polygon": [
        [
          71.0078125,
          49.7470703125
        ],
        [
          406.2578125,
          49.7470703125
        ],
        [
          406.2578125,
          62.88092041015625
        ],
        [
          71.0078125,
          62.88092041015625
        ]
      ]
    },
    {
      "title": "CAPITAL ADEQUACY",
      "heading_level": null,
      "page_id": 26,
      "polygon": [
        [
          45.689453125,
          74.00390625
        ],
        [
          138.96900939941406,
          74.00390625
        ],
        [
          138.96900939941406,
          83.61505126953125
        ],
        [
          45.689453125,
          83.61505126953125
        ]
      ]
    },
    {
      "title": "Note:",
      "heading_level": null,
      "page_id": 26,
      "polygon": [
        [
          46.5625,
          472.3916015625
        ],
        [
          66.3515625,
          472.3916015625
        ],
        [
          66.3515625,
          483.01385498046875
        ],
        [
          46.5625,
          483.01385498046875
        ]
      ]
    },
    {
      "title": "PILLAR 3, LIQUIDITY COVERAGE RATIO AND NET STABLE FUNDING RATIO DISCLOSURES",
      "heading_level": null,
      "page_id": 26,
      "polygon": [
        [
          46.5625,
          551.3291015625
        ],
        [
          444.671875,
          551.3291015625
        ],
        [
          444.671875,
          560.5650634765625
        ],
        [
          46.5625,
          560.5650634765625
        ]
      ]
    },
    {
      "title": "UNREALISED PROPERTY VALUATION SURPLUS",
      "heading_level": null,
      "page_id": 26,
      "polygon": [
        [
          46.5625,
          653.2900390625
        ],
        [
          258.4440002441406,
          653.2900390625
        ],
        [
          258.4440002441406,
          664.0350646972656
        ],
        [
          46.5625,
          664.0350646972656
        ]
      ]
    },
    {
      "title": "DBS GROUP HOLDINGS LTD AND ITS SUBSIDIARIES",
      "heading_level": null,
      "page_id": 27,
      "polygon": [
        [
          72.171875,
          49.7470703125
        ],
        [
          405.7593078613281,
          49.7470703125
        ],
        [
          405.7593078613281,
          62.88092041015625
        ],
        [
          72.171875,
          62.88092041015625
        ]
      ]
    },
    {
      "title": "AUDITED CONSOLIDATED INCOME STATEMENT",
      "heading_level": null,
      "page_id": 27,
      "polygon": [
        [
          45.98046875,
          74.826171875
        ],
        [
          304.7188720703125,
          74.826171875
        ],
        [
          304.7188720703125,
          85.9393310546875
        ],
        [
          45.98046875,
          85.9393310546875
        ]
      ]
    },
    {
      "title": "DBS GROUP HOLDINGS LTD AND ITS SUBSIDIARIES",
      "heading_level": null,
      "page_id": 28,
      "polygon": [
        [
          74.42399597167969,
          49.7470703125
        ],
        [
          405.7593078613281,
          49.7470703125
        ],
        [
          405.7593078613281,
          62.88092041015625
        ],
        [
          74.42399597167969,
          62.88092041015625
        ]
      ]
    },
    {
      "title": "AUDITED CONSOLIDATED STATEMENT OF COMPREHENSIVE INCOME",
      "heading_level": null,
      "page_id": 28,
      "polygon": [
        [
          47.52000045776367,
          74.4150390625
        ],
        [
          422.64813232421875,
          74.4150390625
        ],
        [
          422.64813232421875,
          85.9393310546875
        ],
        [
          47.52000045776367,
          85.9393310546875
        ]
      ]
    },
    {
      "title": "DBS GROUP HOLDINGS LTD AND ITS SUBSIDIARIES",
      "heading_level": null,
      "page_id": 29,
      "polygon": [
        [
          71.0078125,
          49.7470703125
        ],
        [
          406.2578125,
          49.7470703125
        ],
        [
          406.2578125,
          62.88092041015625
        ],
        [
          71.0078125,
          62.88092041015625
        ]
      ]
    },
    {
      "title": "AUDITED BALANCE SHEETS",
      "heading_level": null,
      "page_id": 29,
      "polygon": [
        [
          46.5625,
          74.826171875
        ],
        [
          200.3577423095703,
          74.826171875
        ],
        [
          200.3577423095703,
          85.9393310546875
        ],
        [
          46.5625,
          85.9393310546875
        ]
      ]
    },
    {
      "title": "DBS GROUP HOLDINGS LTD AND ITS SUBSIDIARIES",
      "heading_level": null,
      "page_id": 30,
      "polygon": [
        [
          71.0078125,
          49.7470703125
        ],
        [
          406.2578125,
          49.7470703125
        ],
        [
          406.2578125,
          62.88092041015625
        ],
        [
          71.0078125,
          62.88092041015625
        ]
      ]
    },
    {
      "title": "AUDITED CONSOLIDATED STATEMENT OF CHANGES IN EQUITY",
      "heading_level": null,
      "page_id": 30,
      "polygon": [
        [
          45.3984375,
          74.00390625
        ],
        [
          394.6171875,
          74.00390625
        ],
        [
          394.6171875,
          85.9393310546875
        ],
        [
          45.3984375,
          85.9393310546875
        ]
      ]
    },
    {
      "title": "DBS GROUP HOLDINGS LTD AND ITS SUBSIDIARIES",
      "heading_level": null,
      "page_id": 31,
      "polygon": [
        [
          72.171875,
          49.7470703125
        ],
        [
          407.421875,
          49.7470703125
        ],
        [
          407.421875,
          62.88092041015625
        ],
        [
          72.171875,
          62.88092041015625
        ]
      ]
    },
    {
      "title": "UNAUDITED CONSOLIDATED STATEMENT OF CHANGES IN EQUITY",
      "heading_level": null,
      "page_id": 31,
      "polygon": [
        [
          46.5625,
          74.00390625
        ],
        [
          409.75,
          74.00390625
        ],
        [
          409.75,
          85.9393310546875
        ],
        [
          46.5625,
          85.9393310546875
        ]
      ]
    },
    {
      "title": "DBS GROUP HOLDINGS LTD AND ITS SUBSIDIARIES",
      "heading_level": null,
      "page_id": 32,
      "polygon": [
        [
          71.0078125,
          49.7470703125
        ],
        [
          406.2578125,
          49.7470703125
        ],
        [
          406.2578125,
          62.88092041015625
        ],
        [
          71.0078125,
          62.88092041015625
        ]
      ]
    },
    {
      "title": "AUDITED STATEMENT OF CHANGES IN EQUITY",
      "heading_level": null,
      "page_id": 32,
      "polygon": [
        [
          47.14453125,
          74.4150390625
        ],
        [
          301.2413024902344,
          74.4150390625
        ],
        [
          301.2413024902344,
          85.9393310546875
        ],
        [
          47.14453125,
          85.9393310546875
        ]
      ]
    },
    {
      "title": "The Company",
      "heading_level": null,
      "page_id": 32,
      "polygon": [
        [
          48.96000289916992,
          115.1171875
        ],
        [
          109.130859375,
          115.1171875
        ],
        [
          109.130859375,
          124.7950439453125
        ],
        [
          48.96000289916992,
          124.7950439453125
        ]
      ]
    },
    {
      "title": "DBS GROUP HOLDINGS LTD AND ITS SUBSIDIARIES",
      "heading_level": null,
      "page_id": 33,
      "polygon": [
        [
          72.171875,
          49.7470703125
        ],
        [
          405.7593078613281,
          49.7470703125
        ],
        [
          405.7593078613281,
          62.88092041015625
        ],
        [
          72.171875,
          62.88092041015625
        ]
      ]
    },
    {
      "title": "UNAUDITED STATEMENT OF CHANGES IN EQUITY",
      "heading_level": null,
      "page_id": 33,
      "polygon": [
        [
          45.3984375,
          74.00390625
        ],
        [
          317.0721740722656,
          74.00390625
        ],
        [
          317.0721740722656,
          85.9393310546875
        ],
        [
          45.3984375,
          85.9393310546875
        ]
      ]
    },
    {
      "title": "DBS GROUP HOLDINGS LTD AND ITS SUBSIDIARIES",
      "heading_level": null,
      "page_id": 34,
      "polygon": [
        [
          72.171875,
          49.7470703125
        ],
        [
          405.7593078613281,
          49.7470703125
        ],
        [
          405.7593078613281,
          62.88092041015625
        ],
        [
          72.171875,
          62.88092041015625
        ]
      ]
    },
    {
      "title": "AUDITED CONSOLIDATED CASH FLOW STATEMENT",
      "heading_level": null,
      "page_id": 34,
      "polygon": [
        [
          47.14453125,
          74.4150390625
        ],
        [
          327.68359375,
          74.4150390625
        ],
        [
          327.68359375,
          85.9393310546875
        ],
        [
          47.14453125,
          85.9393310546875
        ]
      ]
    },
    {
      "title": "DBS GROUP HOLDINGS LTD AND ITS SUBSIDIARIES",
      "heading_level": null,
      "page_id": 35,
      "polygon": [
        [
          72.171875,
          49.7470703125
        ],
        [
          407.421875,
          49.7470703125
        ],
        [
          407.421875,
          62.88092041015625
        ],
        [
          72.171875,
          62.88092041015625
        ]
      ]
    },
    {
      "title": "OTHER FINANCIAL INFORMATION",
      "heading_level": null,
      "page_id": 35,
      "polygon": [
        [
          47.14453125,
          74.4150390625
        ],
        [
          229.90234375,
          74.4150390625
        ],
        [
          229.90234375,
          85.9393310546875
        ],
        [
          47.14453125,
          85.9393310546875
        ]
      ]
    },
    {
      "title": "1. Fair Value of Financial Instruments",
      "heading_level": null,
      "page_id": 35,
      "polygon": [
        [
          47.52000045776367,
          96.205078125
        ],
        [
          254.81329345703125,
          96.205078125
        ],
        [
          254.81329345703125,
          108.97930908203125
        ],
        [
          47.52000045776367,
          108.97930908203125
        ]
      ]
    },
    {
      "title": "Fair Value Hierarchy",
      "heading_level": null,
      "page_id": 35,
      "polygon": [
        [
          50.63999938964844,
          150.8857421875
        ],
        [
          137.66998291015625,
          150.8857421875
        ],
        [
          137.66998291015625,
          160.7950439453125
        ],
        [
          50.63999938964844,
          160.7950439453125
        ]
      ]
    },
    {
      "title": "2. Off-balance Sheet Items",
      "heading_level": null,
      "page_id": 35,
      "polygon": [
        [
          46.5625,
          551.3291015625
        ],
        [
          200.33761596679688,
          551.3291015625
        ],
        [
          200.33761596679688,
          563.9492797851562
        ],
        [
          46.5625,
          563.9492797851562
        ]
      ]
    },
    {
      "title": "DBS GROUP HOLDINGS LTD AND ITS SUBSIDIARIES",
      "heading_level": null,
      "page_id": 36,
      "polygon": [
        [
          73.3359375,
          49.7470703125
        ],
        [
          406.2578125,
          49.7470703125
        ],
        [
          406.2578125,
          62.88092041015625
        ],
        [
          73.3359375,
          62.88092041015625
        ]
      ]
    },
    {
      "title": "ADDITIONAL INFORMATION",
      "heading_level": null,
      "page_id": 36,
      "polygon": [
        [
          47.435546875,
          74.00390625
        ],
        [
          196.78321838378906,
          74.00390625
        ],
        [
          196.78321838378906,
          85.9393310546875
        ],
        [
          47.435546875,
          85.9393310546875
        ]
      ]
    },
    {
      "title": "SHARE CAPITAL",
      "heading_level": null,
      "page_id": 36,
      "polygon": [
        [
          47.7265625,
          96.6162109375
        ],
        [
          122.2265625,
          96.6162109375
        ],
        [
          122.2265625,
          106.675048828125
        ],
        [
          47.7265625,
          106.675048828125
        ]
      ]
    },
    {
      "title": "INTERESTED PARTY TRANSACTIONS PURSUANT TO LISTING RULE 920(1)",
      "heading_level": null,
      "page_id": 36,
      "polygon": [
        [
          47.7265625,
          469.1025390625
        ],
        [
          373.9649963378906,
          469.1025390625
        ],
        [
          373.9649963378906,
          479.68505859375
        ],
        [
          47.7265625,
          479.68505859375
        ]
      ]
    },
    {
      "title": "CONFIRMATION OF DIRECTORS AND EXECUTIVE OFFICERS' UNDERTAKINGS PURSUANT TO LISTING RULE \n720(1)",
      "heading_level": null,
      "page_id": 36,
      "polygon": [
        [
          46.5625,
          522.5250549316406
        ],
        [
          542.0938720703125,
          522.5250549316406
        ],
        [
          542.0938720703125,
          542.2841796875
        ],
        [
          46.5625,
          542.2841796875
        ]
      ]
    },
    {
      "title": "REPORT OF PERSONS OCCUPYING MANAGERIAL POSITIONS WHO ARE RELATED TO A DIRECTOR, CEO OR\nSUBSTANTIAL SHAREHOLDER",
      "heading_level": null,
      "page_id": 36,
      "polygon": [
        [
          47.7265625,
          583.3974609375
        ],
        [
          524.9921875,
          583.3974609375
        ],
        [
          524.9921875,
          603.8850708007812
        ],
        [
          47.7265625,
          603.8850708007812
        ]
      ]
    },
    {
      "title": "INDEPENDENT AUDITOR'S REPORT TO THE MEMBERS OF \nDBS GROUP HOLDINGS LTD",
      "heading_level": null,
      "page_id": 37,
      "polygon": [
        [
          117.140625,
          91.81298828125
        ],
        [
          475.92291259765625,
          91.81298828125
        ],
        [
          475.92291259765625,
          115.93927001953125
        ],
        [
          117.140625,
          115.93927001953125
        ]
      ]
    },
    {
      "title": "Report on the Audit of the Financial Statements",
      "heading_level": null,
      "page_id": 37,
      "polygon": [
        [
          118.93359375,
          142.3125
        ],
        [
          352.2635498046875,
          142.3125
        ],
        [
          352.2635498046875,
          153.0789794921875
        ],
        [
          118.93359375,
          153.0789794921875
        ]
      ]
    },
    {
      "title": "Our Opinion",
      "heading_level": null,
      "page_id": 37,
      "polygon": [
        [
          118.037109375,
          165.515625
        ],
        [
          182.7151641845703,
          165.515625
        ],
        [
          182.7151641845703,
          175.2230224609375
        ],
        [
          118.037109375,
          175.2230224609375
        ]
      ]
    },
    {
      "title": "What we have audited",
      "heading_level": null,
      "page_id": 37,
      "polygon": [
        [
          119.45999908447266,
          289.7799072265625
        ],
        [
          216.1518096923828,
          289.7799072265625
        ],
        [
          216.1518096923828,
          299.2068786621094
        ],
        [
          119.45999908447266,
          299.2068786621094
        ]
      ]
    },
    {
      "title": "Basis for Opinion",
      "heading_level": null,
      "page_id": 37,
      "polygon": [
        [
          118.93359375,
          419.4735412597656
        ],
        [
          206.42527770996094,
          419.4735412597656
        ],
        [
          206.42527770996094,
          428.9005126953125
        ],
        [
          118.93359375,
          428.9005126953125
        ]
      ]
    },
    {
      "title": "Independence",
      "heading_level": null,
      "page_id": 37,
      "polygon": [
        [
          118.037109375,
          518.58984375
        ],
        [
          180.37753295898438,
          518.58984375
        ],
        [
          180.37753295898438,
          528.7513122558594
        ],
        [
          118.037109375,
          528.7513122558594
        ]
      ]
    },
    {
      "title": "INDEPENDENT AUDITOR'S REPORT TO THE MEMBERS OF \nDBS GROUP HOLDINGS LTD (continued)",
      "heading_level": null,
      "page_id": 38,
      "polygon": [
        [
          93.77999877929688,
          59.94140625
        ],
        [
          450.1504821777344,
          59.94140625
        ],
        [
          450.1504821777344,
          84.316162109375
        ],
        [
          93.77999877929688,
          84.316162109375
        ]
      ]
    },
    {
      "title": "Our Audit Approach",
      "heading_level": null,
      "page_id": 38,
      "polygon": [
        [
          93.234375,
          111.375
        ],
        [
          194.18899536132812,
          111.375
        ],
        [
          194.18899536132812,
          121.0335693359375
        ],
        [
          93.234375,
          121.0335693359375
        ]
      ]
    },
    {
      "title": "Materiality",
      "heading_level": null,
      "page_id": 38,
      "polygon": [
        [
          256.095703125,
          154.88409423828125
        ],
        [
          312.5963134765625,
          154.88409423828125
        ],
        [
          312.5963134765625,
          165.12890625
        ],
        [
          256.095703125,
          165.12890625
        ]
      ]
    },
    {
      "title": "Group scoping",
      "heading_level": null,
      "page_id": 38,
      "polygon": [
        [
          255.19921875,
          210.375
        ],
        [
          329.5268859863281,
          210.375
        ],
        [
          329.5268859863281,
          219.97540283203125
        ],
        [
          255.19921875,
          219.97540283203125
        ]
      ]
    },
    {
      "title": "Key audit matters",
      "heading_level": null,
      "page_id": 38,
      "polygon": [
        [
          255.19921875,
          384.01171875
        ],
        [
          344.9512023925781,
          384.01171875
        ],
        [
          344.9512023925781,
          393.5559997558594
        ],
        [
          255.19921875,
          393.5559997558594
        ]
      ]
    },
    {
      "title": "INDEPENDENT AUDITOR'S REPORT TO THE MEMBERS OF \nDBS GROUP HOLDINGS LTD (continued)",
      "heading_level": null,
      "page_id": 39,
      "polygon": [
        [
          92.0390625,
          59.94140625
        ],
        [
          450.1851806640625,
          59.94140625
        ],
        [
          450.1851806640625,
          84.3192138671875
        ],
        [
          92.0390625,
          84.3192138671875
        ]
      ]
    },
    {
      "title": "Materiality",
      "heading_level": null,
      "page_id": 39,
      "polygon": [
        [
          93.533203125,
          112.03594970703125
        ],
        [
          144.3501434326172,
          112.03594970703125
        ],
        [
          144.3501434326172,
          121.46295166015625
        ],
        [
          93.533203125,
          121.46295166015625
        ]
      ]
    },
    {
      "title": "How we developed the audit scope",
      "heading_level": null,
      "page_id": 39,
      "polygon": [
        [
          92.63671875,
          438.0155944824219
        ],
        [
          240.89816284179688,
          438.0155944824219
        ],
        [
          240.89816284179688,
          447.44256591796875
        ],
        [
          92.63671875,
          447.44256591796875
        ]
      ]
    },
    {
      "title": "INDEPENDENT AUDITOR'S REPORT TO THE MEMBERS OF \nDBS GROUP HOLDINGS LTD (continued)",
      "heading_level": null,
      "page_id": 40,
      "polygon": [
        [
          93.234375,
          59.5546875
        ],
        [
          450.1851806640625,
          59.5546875
        ],
        [
          450.1851806640625,
          84.3192138671875
        ],
        [
          93.234375,
          84.3192138671875
        ]
      ]
    },
    {
      "title": "Key audit matters",
      "heading_level": null,
      "page_id": 40,
      "polygon": [
        [
          92.0390625,
          112.03594970703125
        ],
        [
          172.02499389648438,
          112.03594970703125
        ],
        [
          172.02499389648438,
          122.203125
        ],
        [
          92.0390625,
          122.203125
        ]
      ]
    },
    {
      "title": "",
      "heading_level": null,
      "page_id": 40,
      "polygon": [
        [
          101.302734375,
          190.265625
        ],
        [
          184.376953125,
          190.265625
        ],
        [
          184.376953125,
          199.546875
        ],
        [
          101.302734375,
          199.546875
        ]
      ]
    },
    {
      "title": "Specific allowances for loans and \nadvances to customers",
      "heading_level": null,
      "page_id": 40,
      "polygon": [
        [
          101.6015625,
          213.46875
        ],
        [
          266.5096435546875,
          213.46875
        ],
        [
          266.5096435546875,
          234.68304443359375
        ],
        [
          101.6015625,
          234.68304443359375
        ]
      ]
    },
    {
      "title": "Key audit matter How our audit addressed the key audit \nmatter",
      "heading_level": null,
      "page_id": 40,
      "polygon": [
        [
          103.85400390625,
          190.9454345703125
        ],
        [
          474.43414306640625,
          190.9454345703125
        ],
        [
          474.43414306640625,
          211.656494140625
        ],
        [
          103.85400390625,
          211.656494140625
        ]
      ]
    },
    {
      "title": "INDEPENDENT AUDITOR'S REPORT TO THE MEMBERS OF \nDBS GROUP HOLDINGS LTD (continued)",
      "heading_level": null,
      "page_id": 41,
      "polygon": [
        [
          92.0390625,
          59.94140625
        ],
        [
          450.1851806640625,
          59.94140625
        ],
        [
          450.1851806640625,
          84.3192138671875
        ],
        [
          92.0390625,
          84.3192138671875
        ]
      ]
    },
    {
      "title": "INDEPENDENT AUDITOR'S REPORT TO THE MEMBERS OF \nDBS GROUP HOLDINGS LTD (continued)",
      "heading_level": null,
      "page_id": 42,
      "polygon": [
        [
          92.0390625,
          59.94140625
        ],
        [
          450.1851806640625,
          59.94140625
        ],
        [
          450.1851806640625,
          84.3192138671875
        ],
        [
          92.0390625,
          84.3192138671875
        ]
      ]
    },
    {
      "title": "",
      "heading_level": null,
      "page_id": 42,
      "polygon": [
        [
          102.796875,
          112.921875
        ],
        [
          185.2734375,
          112.921875
        ],
        [
          185.2734375,
          122.203125
        ],
        [
          102.796875,
          122.203125
        ]
      ]
    },
    {
      "title": "Valuation of financial instruments \nheld at fair value",
      "heading_level": null,
      "page_id": 42,
      "polygon": [
        [
          99.2109375,
          134.96484375
        ],
        [
          273.04638671875,
          134.96484375
        ],
        [
          273.04638671875,
          156.26312255859375
        ],
        [
          99.2109375,
          156.26312255859375
        ]
      ]
    },
    {
      "title": "Key audit matter How our audit addressed the key audit \nmatter",
      "heading_level": null,
      "page_id": 42,
      "polygon": [
        [
          103.86114501953125,
          112.45074462890625
        ],
        [
          474.4412841796875,
          112.45074462890625
        ],
        [
          474.4412841796875,
          133.16314697265625
        ],
        [
          103.86114501953125,
          133.16314697265625
        ]
      ]
    },
    {
      "title": "Other Information",
      "heading_level": null,
      "page_id": 42,
      "polygon": [
        [
          93.7199935913086,
          623.77734375
        ],
        [
          186.63343811035156,
          623.77734375
        ],
        [
          186.63343811035156,
          634.8830718994141
        ],
        [
          93.7199935913086,
          634.8830718994141
        ]
      ]
    },
    {
      "title": "INDEPENDENT AUDITOR'S REPORT TO THE MEMBERS OF \nDBS GROUP HOLDINGS LTD (continued)",
      "heading_level": null,
      "page_id": 43,
      "polygon": [
        [
          93.234375,
          59.94140625
        ],
        [
          450.18182373046875,
          59.94140625
        ],
        [
          450.18182373046875,
          84.3192138671875
        ],
        [
          93.234375,
          84.3192138671875
        ]
      ]
    },
    {
      "title": "Responsibilities of Management and Directors for the Financial Statements",
      "heading_level": null,
      "page_id": 43,
      "polygon": [
        [
          92.0390625,
          289.1129150390625
        ],
        [
          460.31719970703125,
          289.1129150390625
        ],
        [
          460.31719970703125,
          298.546875
        ],
        [
          92.0390625,
          298.546875
        ]
      ]
    },
    {
      "title": "Auditor's Responsibilities for the Audit of the Financial Statements",
      "heading_level": null,
      "page_id": 43,
      "polygon": [
        [
          92.0390625,
          469.08984375
        ],
        [
          420.0675048828125,
          469.08984375
        ],
        [
          420.0675048828125,
          478.6239318847656
        ],
        [
          92.0390625,
          478.6239318847656
        ]
      ]
    },
    {
      "title": "INDEPENDENT AUDITOR'S REPORT TO THE MEMBERS OF \nDBS GROUP HOLDINGS LTD (continued)",
      "heading_level": null,
      "page_id": 44,
      "polygon": [
        [
          72.171875,
          64.13671875
        ],
        [
          451.9859049320221,
          64.13671875
        ],
        [
          451.9859049320221,
          91.47887921333313
        ],
        [
          72.171875,
          91.47887921333313
        ]
      ]
    },
    {
      "title": "Report on Other Legal and Regulatory Requirements",
      "heading_level": null,
      "page_id": 44,
      "polygon": [
        [
          71.58984375,
          520.2469456195831
        ],
        [
          346.71805214881897,
          520.2469456195831
        ],
        [
          346.71805214881897,
          531.2469456195831
        ],
        [
          71.58984375,
          531.2469456195831
        ]
      ]
    }
  ],
  "page_stats": [
    {
      "page_id": 0,
      "text_extraction_method": "pdftext",
      "block_counts": [
        [
          "Span",
          130
        ],
        [
          "Line",
          40
        ],
        [
          "Text",
          16
        ],
        [
          "TableCell",
          15
        ],
        [
          "SectionHeader",
          2
        ],
        [
          "Picture",
          1
        ],
        [
          "Table",
          1
        ],
        [
          "Footnote",
          1
        ],
        [
          "PageFooter",
          1
        ],
        [
          "TableGroup",
          1
        ]
      ],
      "block_metadata": {
        "llm_request_count": 0,
        "llm_error_count": 0,
        "llm_tokens_used": 0,
        "previous_text": "",
        "previous_type": "",
        "previous_order": 0
      }
    },
    {
      "page_id": 1,
      "text_extraction_method": "pdftext",
      "block_counts": [
        [
          "Span",
          17
        ],
        [
          "Line",
          7
        ],
        [
          "Picture",
          1
        ],
        [
          "Text",
          1
        ],
        [
          "PageFooter",
          1
        ]
      ],
      "block_metadata": {
        "llm_request_count": 0,
        "llm_error_count": 0,
        "llm_tokens_used": 0,
        "previous_text": "",
        "previous_type": "",
        "previous_order": 0
      }
    },
    {
      "page_id": 2,
      "text_extraction_method": "pdftext",
      "block_counts": [
        [
          "Span",
          107
        ],
        [
          "TableCell",
          60
        ],
        [
          "Line",
          32
        ],
        [
          "SectionHeader",
          1
        ],
        [
          "TableOfContents",
          1
        ],
        [
          "PageFooter",
          1
        ]
      ],
      "block_metadata": {
        "llm_request_count": 0,
        "llm_error_count": 0,
        "llm_tokens_used": 0,
        "previous_text": "",
        "previous_type": "",
        "previous_order": 0
      }
    },
    {
      "page_id": 3,
      "text_extraction_method": "pdftext",
      "block_counts": [
        [
          "Span",
          17
        ],
        [
          "Line",
          8
        ],
        [
          "SectionHeader",
          2
        ],
        [
          "Text",
          1
        ],
        [
          "PageFooter",
          1
        ]
      ],
      "block_metadata": {
        "llm_request_count": 0,
        "llm_error_count": 0,
        "llm_tokens_used": 0,
        "previous_text": "",
        "previous_type": "",
        "previous_order": 0
      }
    },
    {
      "page_id": 4,
      "text_extraction_method": "pdftext",
      "block_counts": [
        [
          "Span",
          678
        ],
        [
          "TableCell",
          387
        ],
        [
          "Line",
          62
        ],
        [
          "SectionHeader",
          1
        ],
        [
          "Table",
          1
        ],
        [
          "PageFooter",
          1
        ]
      ],
      "block_metadata": {
        "llm_request_count": 0,
        "llm_error_count": 0,
        "llm_tokens_used": 0,
        "previous_text": "",
        "previous_type": "",
        "previous_order": 0
      }
    },
    {
      "page_id": 5,
      "text_extraction_method": "pdftext",
      "block_counts": [
        [
          "Span",
          163
        ],
        [
          "TableCell",
          54
        ],
        [
          "Line",
          39
        ],
        [
          "ListItem",
          9
        ],
        [
          "SectionHeader",
          2
        ],
        [
          "Text",
          2
        ],
        [
          "Table",
          1
        ],
        [
          "PageFooter",
          1
        ],
        [
          "ListGroup",
          1
        ]
      ],
      "block_metadata": {
        "llm_request_count": 0,
        "llm_error_count": 0,
        "llm_tokens_used": 0,
        "previous_text": "",
        "previous_type": "",
        "previous_order": 0
      }
    },
    {
      "page_id": 6,
      "text_extraction_method": "pdftext",
      "block_counts": [
        [
          "Span",
          462
        ],
        [
          "Line",
          56
        ],
        [
          "SectionHeader",
          1
        ],
        [
          "PageFooter",
          1
        ],
        [
          "Text",
          1
        ]
      ],
      "block_metadata": {
        "llm_request_count": 0,
        "llm_error_count": 0,
        "llm_tokens_used": 0,
        "previous_text": "",
        "previous_type": "",
        "previous_order": 0
      }
    },
    {
      "page_id": 7,
      "text_extraction_method": "pdftext",
      "block_counts": [
        [
          "Span",
          147
        ],
        [
          "TableCell",
          36
        ],
        [
          "Line",
          35
        ],
        [
          "ListItem",
          9
        ],
        [
          "SectionHeader",
          2
        ],
        [
          "Text",
          2
        ],
        [
          "Table",
          1
        ],
        [
          "PageFooter",
          1
        ],
        [
          "ListGroup",
          1
        ]
      ],
      "block_metadata": {
        "llm_request_count": 0,
        "llm_error_count": 0,
        "llm_tokens_used": 0,
        "previous_text": "",
        "previous_type": "",
        "previous_order": 0
      }
    },
    {
      "page_id": 8,
      "text_extraction_method": "pdftext",
      "block_counts": [
        [
          "Span",
          261
        ],
        [
          "Line",
          111
        ],
        [
          "Text",
          20
        ],
        [
          "SectionHeader",
          4
        ],
        [
          "PageFooter",
          1
        ]
      ],
      "block_metadata": {
        "llm_request_count": 0,
        "llm_error_count": 0,
        "llm_tokens_used": 0,
        "previous_text": "",
        "previous_type": "",
        "previous_order": 0
      }
    },
    {
      "page_id": 9,
      "text_extraction_method": "pdftext",
      "block_counts": [
        [
          "Span",
          575
        ],
        [
          "TableCell",
          236
        ],
        [
          "Line",
          89
        ],
        [
          "Table",
          3
        ],
        [
          "SectionHeader",
          2
        ],
        [
          "Footnote",
          2
        ],
        [
          "Text",
          1
        ],
        [
          "PageFooter",
          1
        ]
      ],
      "block_metadata": {
        "llm_request_count": 0,
        "llm_error_count": 0,
        "llm_tokens_used": 0,
        "previous_text": "",
        "previous_type": "",
        "previous_order": 0
      }
    },
    {
      "page_id": 10,
      "text_extraction_method": "pdftext",
      "block_counts": [
        [
          "Span",
          319
        ],
        [
          "TableCell",
          163
        ],
        [
          "Line",
          55
        ],
        [
          "Text",
          3
        ],
        [
          "Table",
          2
        ],
        [
          "SectionHeader",
          1
        ],
        [
          "PageFooter",
          1
        ]
      ],
      "block_metadata": {
        "llm_request_count": 0,
        "llm_error_count": 0,
        "llm_tokens_used": 0,
        "previous_text": "",
        "previous_type": "",
        "previous_order": 0
      }
    },
    {
      "page_id": 11,
      "text_extraction_method": "pdftext",
      "block_counts": [
        [
          "Span",
          467
        ],
        [
          "TableCell",
          153
        ],
        [
          "Line",
          95
        ],
        [
          "Text",
          6
        ],
        [
          "SectionHeader",
          4
        ],
        [
          "ListItem",
          3
        ],
        [
          "Table",
          2
        ],
        [
          "PageFooter",
          1
        ],
        [
          "ListGroup",
          1
        ]
      ],
      "block_metadata": {
        "llm_request_count": 0,
        "llm_error_count": 0,
        "llm_tokens_used": 0,
        "previous_text": "",
        "previous_type": "",
        "previous_order": 0
      }
    },
    {
      "page_id": 12,
      "text_extraction_method": "pdftext",
      "block_counts": [
        [
          "Span",
          514
        ],
        [
          "TableCell",
          198
        ],
        [
          "Line",
          85
        ],
        [
          "Text",
          11
        ],
        [
          "SectionHeader",
          3
        ],
        [
          "Table",
          2
        ],
        [
          "PageFooter",
          1
        ]
      ],
      "block_metadata": {
        "llm_request_count": 0,
        "llm_error_count": 0,
        "llm_tokens_used": 0,
        "previous_text": "",
        "previous_type": "",
        "previous_order": 0
      }
    },
    {
      "page_id": 13,
      "text_extraction_method": "pdftext",
      "block_counts": [
        [
          "Span",
          598
        ],
        [
          "TableCell",
          323
        ],
        [
          "Line",
          62
        ],
        [
          "SectionHeader",
          2
        ],
        [
          "Table",
          1
        ],
        [
          "PageFooter",
          1
        ]
      ],
      "block_metadata": {
        "llm_request_count": 0,
        "llm_error_count": 0,
        "llm_tokens_used": 0,
        "previous_text": "",
        "previous_type": "",
        "previous_order": 0
      }
    },
    {
      "page_id": 14,
      "text_extraction_method": "pdftext",
      "block_counts": [
        [
          "Span",
          280
        ],
        [
          "TableCell",
          130
        ],
        [
          "Line",
          42
        ],
        [
          "Footnote",
          3
        ],
        [
          "SectionHeader",
          2
        ],
        [
          "Table",
          1
        ],
        [
          "PageFooter",
          1
        ]
      ],
      "block_metadata": {
        "llm_request_count": 0,
        "llm_error_count": 0,
        "llm_tokens_used": 0,
        "previous_text": "",
        "previous_type": "",
        "previous_order": 0
      }
    },
    {
      "page_id": 15,
      "text_extraction_method": "pdftext",
      "block_counts": [
        [
          "Span",
          225
        ],
        [
          "Line",
          83
        ],
        [
          "Text",
          10
        ],
        [
          "SectionHeader",
          3
        ],
        [
          "PageFooter",
          1
        ]
      ],
      "block_metadata": {
        "llm_request_count": 0,
        "llm_error_count": 0,
        "llm_tokens_used": 0,
        "previous_text": "",
        "previous_type": "",
        "previous_order": 0
      }
    },
    {
      "page_id": 16,
      "text_extraction_method": "pdftext",
      "block_counts": [
        [
          "Span",
          125
        ],
        [
          "Line",
          50
        ],
        [
          "Text",
          7
        ],
        [
          "SectionHeader",
          3
        ],
        [
          "PageFooter",
          1
        ]
      ],
      "block_metadata": {
        "llm_request_count": 0,
        "llm_error_count": 0,
        "llm_tokens_used": 0,
        "previous_text": "",
        "previous_type": "",
        "previous_order": 0
      }
    },
    {
      "page_id": 17,
      "text_extraction_method": "pdftext",
      "block_counts": [
        [
          "Span",
          522
        ],
        [
          "TableCell",
          259
        ],
        [
          "Line",
          57
        ],
        [
          "SectionHeader",
          2
        ],
        [
          "Table",
          1
        ],
        [
          "PageFooter",
          1
        ]
      ],
      "block_metadata": {
        "llm_request_count": 0,
        "llm_error_count": 0,
        "llm_tokens_used": 0,
        "previous_text": "",
        "previous_type": "",
        "previous_order": 0
      }
    },
    {
      "page_id": 18,
      "text_extraction_method": "pdftext",
      "block_counts": [
        [
          "Span",
          598
        ],
        [
          "TableCell",
          343
        ],
        [
          "Line",
          69
        ],
        [
          "Footnote",
          2
        ],
        [
          "SectionHeader",
          1
        ],
        [
          "Table",
          1
        ],
        [
          "Text",
          1
        ],
        [
          "PageFooter",
          1
        ]
      ],
      "block_metadata": {
        "llm_request_count": 0,
        "llm_error_count": 0,
        "llm_tokens_used": 0,
        "previous_text": "",
        "previous_type": "",
        "previous_order": 0
      }
    },
    {
      "page_id": 19,
      "text_extraction_method": "pdftext",
      "block_counts": [
        [
          "Span",
          256
        ],
        [
          "Line",
          112
        ],
        [
          "Text",
          12
        ],
        [
          "SectionHeader",
          4
        ],
        [
          "PageFooter",
          1
        ]
      ],
      "block_metadata": {
        "llm_request_count": 0,
        "llm_error_count": 0,
        "llm_tokens_used": 0,
        "previous_text": "",
        "previous_type": "",
        "previous_order": 0
      }
    },
    {
      "page_id": 20,
      "text_extraction_method": "pdftext",
      "block_counts": [
        [
          "Span",
          90
        ],
        [
          "Line",
          38
        ],
        [
          "Text",
          7
        ],
        [
          "SectionHeader",
          3
        ],
        [
          "PageFooter",
          1
        ]
      ],
      "block_metadata": {
        "llm_request_count": 0,
        "llm_error_count": 0,
        "llm_tokens_used": 0,
        "previous_text": "",
        "previous_type": "",
        "previous_order": 0
      }
    },
    {
      "page_id": 21,
      "text_extraction_method": "pdftext",
      "block_counts": [
        [
          "Span",
          290
        ],
        [
          "TableCell",
          140
        ],
        [
          "Line",
          49
        ],
        [
          "Text",
          3
        ],
        [
          "SectionHeader",
          2
        ],
        [
          "Table",
          1
        ],
        [
          "Footnote",
          1
        ],
        [
          "PageFooter",
          1
        ]
      ],
      "block_metadata": {
        "llm_request_count": 0,
        "llm_error_count": 0,
        "llm_tokens_used": 0,
        "previous_text": "",
        "previous_type": "",
        "previous_order": 0
      }
    },
    {
      "page_id": 22,
      "text_extraction_method": "pdftext",
      "block_counts": [
        [
          "Span",
          393
        ],
        [
          "TableCell",
          224
        ],
        [
          "Line",
          62
        ],
        [
          "SectionHeader",
          2
        ],
        [
          "Table",
          1
        ],
        [
          "Text",
          1
        ],
        [
          "Footnote",
          1
        ],
        [
          "PageFooter",
          1
        ]
      ],
      "block_metadata": {
        "llm_request_count": 0,
        "llm_error_count": 0,
        "llm_tokens_used": 0,
        "previous_text": "",
        "previous_type": "",
        "previous_order": 0
      }
    },
    {
      "page_id": 23,
      "text_extraction_method": "pdftext",
      "block_counts": [
        [
          "Span",
          403
        ],
        [
          "TableCell",
          215
        ],
        [
          "Line",
          42
        ],
        [
          "Table",
          3
        ],
        [
          "Text",
          2
        ],
        [
          "SectionHeader",
          1
        ],
        [
          "PageFooter",
          1
        ]
      ],
      "block_metadata": {
        "llm_request_count": 0,
        "llm_error_count": 0,
        "llm_tokens_used": 0,
        "previous_text": "",
        "previous_type": "",
        "previous_order": 0
      }
    },
    {
      "page_id": 24,
      "text_extraction_method": "pdftext",
      "block_counts": [
        [
          "Span",
          84
        ],
        [
          "TableCell",
          31
        ],
        [
          "Line",
          17
        ],
        [
          "Text",
          2
        ],
        [
          "SectionHeader",
          1
        ],
        [
          "Table",
          1
        ],
        [
          "PageFooter",
          1
        ]
      ],
      "block_metadata": {
        "llm_request_count": 0,
        "llm_error_count": 0,
        "llm_tokens_used": 0,
        "previous_text": "",
        "previous_type": "",
        "previous_order": 0
      }
    },
    {
      "page_id": 25,
      "text_extraction_method": "pdftext",
      "block_counts": [
        [
          "Span",
          388
        ],
        [
          "TableCell",
          172
        ],
        [
          "Line",
          56
        ],
        [
          "SectionHeader",
          3
        ],
        [
          "Text",
          3
        ],
        [
          "Footnote",
          3
        ],
        [
          "Table",
          2
        ],
        [
          "PageFooter",
          1
        ]
      ],
      "block_metadata": {
        "llm_request_count": 0,
        "llm_error_count": 0,
        "llm_tokens_used": 0,
        "previous_text": "",
        "previous_type": "",
        "previous_order": 0
      }
    },
    {
      "page_id": 26,
      "text_extraction_method": "pdftext",
      "block_counts": [
        [
          "Span",
          234
        ],
        [
          "TableCell",
          105
        ],
        [
          "Line",
          40
        ],
        [
          "SectionHeader",
          5
        ],
        [
          "Text",
          3
        ],
        [
          "Footnote",
          2
        ],
        [
          "Table",
          1
        ],
        [
          "PageFooter",
          1
        ]
      ],
      "block_metadata": {
        "llm_request_count": 0,
        "llm_error_count": 0,
        "llm_tokens_used": 0,
        "previous_text": "",
        "previous_type": "",
        "previous_order": 0
      }
    },
    {
      "page_id": 27,
      "text_extraction_method": "pdftext",
      "block_counts": [
        [
          "Span",
          476
        ],
        [
          "TableCell",
          224
        ],
        [
          "Line",
          51
        ],
        [
          "SectionHeader",
          2
        ],
        [
          "Text",
          2
        ],
        [
          "Table",
          1
        ],
        [
          "PageFooter",
          1
        ]
      ],
      "block_metadata": {
        "llm_request_count": 0,
        "llm_error_count": 0,
        "llm_tokens_used": 0,
        "previous_text": "",
        "previous_type": "",
        "previous_order": 0
      }
    },
    {
      "page_id": 28,
      "text_extraction_method": "pdftext",
      "block_counts": [
        [
          "Span",
          374
        ],
        [
          "TableCell",
          207
        ],
        [
          "Line",
          68
        ],
        [
          "SectionHeader",
          2
        ],
        [
          "Text",
          2
        ],
        [
          "Table",
          1
        ],
        [
          "PageFooter",
          1
        ]
      ],
      "block_metadata": {
        "llm_request_count": 0,
        "llm_error_count": 0,
        "llm_tokens_used": 0,
        "previous_text": "",
        "previous_type": "",
        "previous_order": 0
      }
    },
    {
      "page_id": 29,
      "text_extraction_method": "pdftext",
      "block_counts": [
        [
          "Span",
          490
        ],
        [
          "TableCell",
          271
        ],
        [
          "Line",
          48
        ],
        [
          "SectionHeader",
          2
        ],
        [
          "Footnote",
          2
        ],
        [
          "Table",
          1
        ],
        [
          "Text",
          1
        ],
        [
          "PageFooter",
          1
        ]
      ],
      "block_metadata": {
        "llm_request_count": 0,
        "llm_error_count": 0,
        "llm_tokens_used": 0,
        "previous_text": "",
        "previous_type": "",
        "previous_order": 0
      }
    },
    {
      "page_id": 30,
      "text_extraction_method": "pdftext",
      "block_counts": [
        [
          "Span",
          411
        ],
        [
          "TableCell",
          189
        ],
        [
          "Line",
          56
        ],
        [
          "SectionHeader",
          2
        ],
        [
          "Text",
          2
        ],
        [
          "Table",
          1
        ],
        [
          "Footnote",
          1
        ],
        [
          "PageFooter",
          1
        ]
      ],
      "block_metadata": {
        "llm_request_count": 0,
        "llm_error_count": 0,
        "llm_tokens_used": 0,
        "previous_text": "",
        "previous_type": "",
        "previous_order": 0
      }
    },
    {
      "page_id": 31,
      "text_extraction_method": "pdftext",
      "block_counts": [
        [
          "Span",
          425
        ],
        [
          "TableCell",
          197
        ],
        [
          "Line",
          56
        ],
        [
          "SectionHeader",
          2
        ],
        [
          "Text",
          2
        ],
        [
          "Table",
          1
        ],
        [
          "Footnote",
          1
        ],
        [
          "PageFooter",
          1
        ]
      ],
      "block_metadata": {
        "llm_request_count": 0,
        "llm_error_count": 0,
        "llm_tokens_used": 0,
        "previous_text": "",
        "previous_type": "",
        "previous_order": 0
      }
    },
    {
      "page_id": 32,
      "text_extraction_method": "pdftext",
      "block_counts": [
        [
          "Span",
          236
        ],
        [
          "TableCell",
          108
        ],
        [
          "Line",
          39
        ],
        [
          "SectionHeader",
          3
        ],
        [
          "Text",
          2
        ],
        [
          "Table",
          1
        ],
        [
          "Footnote",
          1
        ],
        [
          "PageFooter",
          1
        ]
      ],
      "block_metadata": {
        "llm_request_count": 0,
        "llm_error_count": 0,
        "llm_tokens_used": 0,
        "previous_text": "",
        "previous_type": "",
        "previous_order": 0
      }
    },
    {
      "page_id": 33,
      "text_extraction_method": "pdftext",
      "block_counts": [
        [
          "Span",
          229
        ],
        [
          "TableCell",
          102
        ],
        [
          "Line",
          34
        ],
        [
          "SectionHeader",
          2
        ],
        [
          "Text",
          2
        ],
        [
          "Table",
          1
        ],
        [
          "Footnote",
          1
        ],
        [
          "PageFooter",
          1
        ]
      ],
      "block_metadata": {
        "llm_request_count": 0,
        "llm_error_count": 0,
        "llm_tokens_used": 0,
        "previous_text": "",
        "previous_type": "",
        "previous_order": 0
      }
    },
    {
      "page_id": 34,
      "text_extraction_method": "pdftext",
      "block_counts": [
        [
          "Span",
          318
        ],
        [
          "TableCell",
          147
        ],
        [
          "Line",
          63
        ],
        [
          "SectionHeader",
          2
        ],
        [
          "Footnote",
          2
        ],
        [
          "Table",
          1
        ],
        [
          "Text",
          1
        ],
        [
          "PageFooter",
          1
        ]
      ],
      "block_metadata": {
        "llm_request_count": 0,
        "llm_error_count": 0,
        "llm_tokens_used": 0,
        "previous_text": "",
        "previous_type": "",
        "previous_order": 0
      }
    },
    {
      "page_id": 35,
      "text_extraction_method": "pdftext",
      "block_counts": [
        [
          "Span",
          359
        ],
        [
          "TableCell",
          163
        ],
        [
          "Line",
          44
        ],
        [
          "SectionHeader",
          5
        ],
        [
          "Text",
          5
        ],
        [
          "Footnote",
          3
        ],
        [
          "Table",
          2
        ],
        [
          "PageFooter",
          1
        ]
      ],
      "block_metadata": {
        "llm_request_count": 0,
        "llm_error_count": 0,
        "llm_tokens_used": 0,
        "previous_text": "",
        "previous_type": "",
        "previous_order": 0
      }
    },
    {
      "page_id": 36,
      "text_extraction_method": "pdftext",
      "block_counts": [
        [
          "Span",
          182
        ],
        [
          "TableCell",
          60
        ],
        [
          "Line",
          45
        ],
        [
          "SectionHeader",
          6
        ],
        [
          "Text",
          6
        ],
        [
          "Footnote",
          3
        ],
        [
          "Table",
          1
        ],
        [
          "PageFooter",
          1
        ],
        [
          "TableGroup",
          1
        ],
        [
          "Reference",
          1
        ]
      ],
      "block_metadata": {
        "llm_request_count": 0,
        "llm_error_count": 0,
        "llm_tokens_used": 0,
        "previous_text": "",
        "previous_type": "",
        "previous_order": 0
      }
    },
    {
      "page_id": 37,
      "text_extraction_method": "pdftext",
      "block_counts": [
        [
          "Span",
          79
        ],
        [
          "Line",
          36
        ],
        [
          "Text",
          6
        ],
        [
          "SectionHeader",
          6
        ],
        [
          "ListItem",
          6
        ],
        [
          "ListGroup",
          1
        ]
      ],
      "block_metadata": {
        "llm_request_count": 0,
        "llm_error_count": 0,
        "llm_tokens_used": 0,
        "previous_text": "",
        "previous_type": "",
        "previous_order": 0
      }
    },
    {
      "page_id": 38,
      "text_extraction_method": "pdftext",
      "block_counts": [
        [
          "Span",
          77
        ],
        [
          "Line",
          34
        ],
        [
          "SectionHeader",
          5
        ],
        [
          "ListItem",
          5
        ],
        [
          "Text",
          3
        ],
        [
          "ListGroup",
          2
        ],
        [
          "Picture",
          1
        ],
        [
          "PageFooter",
          1
        ]
      ],
      "block_metadata": {
        "llm_request_count": 0,
        "llm_error_count": 0,
        "llm_tokens_used": 0,
        "previous_text": "",
        "previous_type": "",
        "previous_order": 0
      }
    },
    {
      "page_id": 39,
      "text_extraction_method": "pdftext",
      "block_counts": [
        [
          "Span",
          86
        ],
        [
          "Line",
          41
        ],
        [
          "TableCell",
          6
        ],
        [
          "Text",
          5
        ],
        [
          "SectionHeader",
          3
        ],
        [
          "Table",
          1
        ],
        [
          "PageFooter",
          1
        ]
      ],
      "block_metadata": {
        "llm_request_count": 0,
        "llm_error_count": 0,
        "llm_tokens_used": 0,
        "previous_text": "",
        "previous_type": "",
        "previous_order": 0
      }
    },
    {
      "page_id": 40,
      "text_extraction_method": "pdftext",
      "block_counts": [
        [
          "Span",
          181
        ],
        [
          "Line",
          83
        ],
        [
          "ListItem",
          13
        ],
        [
          "Text",
          9
        ],
        [
          "SectionHeader",
          5
        ],
        [
          "ListGroup",
          3
        ],
        [
          "PageFooter",
          1
        ]
      ],
      "block_metadata": {
        "llm_request_count": 0,
        "llm_error_count": 0,
        "llm_tokens_used": 0,
        "previous_text": "",
        "previous_type": "",
        "previous_order": 0
      }
    },
    {
      "page_id": 41,
      "text_extraction_method": "pdftext",
      "block_counts": [
        [
          "Span",
          171
        ],
        [
          "Line",
          81
        ],
        [
          "TableCell",
          28
        ],
        [
          "SectionHeader",
          1
        ],
        [
          "Table",
          1
        ],
        [
          "PageFooter",
          1
        ]
      ],
      "block_metadata": {
        "llm_request_count": 0,
        "llm_error_count": 0,
        "llm_tokens_used": 0,
        "previous_text": "",
        "previous_type": "",
        "previous_order": 0
      }
    },
    {
      "page_id": 42,
      "text_extraction_method": "pdftext",
      "block_counts": [
        [
          "Span",
          157
        ],
        [
          "Line",
          73
        ],
        [
          "Text",
          9
        ],
        [
          "ListItem",
          8
        ],
        [
          "SectionHeader",
          5
        ],
        [
          "ListGroup",
          2
        ],
        [
          "PageFooter",
          1
        ]
      ],
      "block_metadata": {
        "llm_request_count": 0,
        "llm_error_count": 0,
        "llm_tokens_used": 0,
        "previous_text": "",
        "previous_type": "",
        "previous_order": 0
      }
    },
    {
      "page_id": 43,
      "text_extraction_method": "pdftext",
      "block_counts": [
        [
          "Span",
          97
        ],
        [
          "Line",
          46
        ],
        [
          "Text",
          9
        ],
        [
          "SectionHeader",
          3
        ],
        [
          "ListItem",
          2
        ],
        [
          "PageFooter",
          1
        ],
        [
          "ListGroup",
          1
        ]
      ],
      "block_metadata": {
        "llm_request_count": 0,
        "llm_error_count": 0,
        "llm_tokens_used": 0,
        "previous_text": "",
        "previous_type": "",
        "previous_order": 0
      }
    },
    {
      "page_id": 44,
      "text_extraction_method": "pdftext",
      "block_counts": [
        [
          "Span",
          93
        ],
        [
          "Line",
          41
        ],
        [
          "Text",
          8
        ],
        [
          "ListItem",
          4
        ],
        [
          "SectionHeader",
          2
        ],
        [
          "PageFooter",
          1
        ],
        [
          "ListGroup",
          1
        ]
      ],
      "block_metadata": {
        "llm_request_count": 0,
        "llm_error_count": 0,
        "llm_tokens_used": 0,
        "previous_text": "",
        "previous_type": "",
        "previous_order": 0
      }
    }
  ],
  "debug_data_path": "debug_data/4Q24_performance_summary"
}