{
  "table_of_contents": [
    {
      "title": "Record quarterly and \nnine-month performance",
      "heading_level": null,
      "page_id": 0,
      "polygon": [
        [
          455.625,
          178.2421875
        ],
        [
          890.8258666992188,
          178.2421875
        ],
        [
          890.8258666992188,
          257.8432312011719
        ],
        [
          455.625,
          257.8432312011719
        ]
      ]
    },
    {
      "title": "Highlights",
      "heading_level": null,
      "page_id": 1,
      "polygon": [
        [
          65.56339263916016,
          18.984375
        ],
        [
          202.18995666503906,
          18.984375
        ],
        [
          202.18995666503906,
          47.709747314453125
        ],
        [
          65.56339263916016,
          47.709747314453125
        ]
      ]
    },
    {
      "title": "Third-quarter net profit up 15% YoY to surpass $3bn for first time",
      "heading_level": null,
      "page_id": 1,
      "polygon": [
        [
          65.625,
          58.798828125
        ],
        [
          619.158935546875,
          58.798828125
        ],
        [
          619.158935546875,
          78.39706420898438
        ],
        [
          65.625,
          78.39706420898438
        ]
      ]
    },
    {
      "title": "Nine-month net profit up 11% to record $8.79bn, ROE at 18.8%",
      "heading_level": null,
      "page_id": 1,
      "polygon": [
        [
          63.75,
          212.255859375
        ],
        [
          596.25,
          212.255859375
        ],
        [
          596.25,
          231.27105712890625
        ],
        [
          63.75,
          231.27105712890625
        ]
      ]
    },
    {
      "title": "Balance sheet remains strong",
      "heading_level": null,
      "page_id": 1,
      "polygon": [
        [
          66.5625,
          314.033203125
        ],
        [
          321.73065185546875,
          314.033203125
        ],
        [
          321.73065185546875,
          332.18572998046875
        ],
        [
          66.5625,
          332.18572998046875
        ]
      ]
    },
    {
      "title": "Board announces new $3bn share buyback programme",
      "heading_level": null,
      "page_id": 1,
      "polygon": [
        [
          63.75,
          438.22265625
        ],
        [
          538.0160522460938,
          438.22265625
        ],
        [
          538.0160522460938,
          457.57814025878906
        ],
        [
          63.75,
          457.57814025878906
        ]
      ]
    },
    {
      "title": "Board establishes new share buyback programme of $3bn",
      "heading_level": null,
      "page_id": 2,
      "polygon": [
        [
          65.56339263916016,
          18.984375
        ],
        [
          842.9104614257812,
          18.984375
        ],
        [
          842.9104614257812,
          47.709747314453125
        ],
        [
          65.56339263916016,
          47.709747314453125
        ]
      ]
    },
    {
      "title": "Dividends continue to be primary means of capital distribution",
      "heading_level": null,
      "page_id": 3,
      "polygon": [
        [
          63.75,
          23.203125
        ],
        [
          898.08984375,
          23.203125
        ],
        [
          898.08984375,
          53.157989501953125
        ],
        [
          63.75,
          53.157989501953125
        ]
      ]
    },
    {
      "title": "3Q net profit up 15% YoY to cross $3bn",
      "heading_level": null,
      "page_id": 4,
      "polygon": [
        [
          60.75,
          23.73046875
        ],
        [
          587.25,
          23.73046875
        ],
        [
          588.0,
          50.09765625
        ],
        [
          61.5,
          50.25
        ]
      ]
    },
    {
      "title": "3Q net profit up 8% QoQ as total income rises 5%",
      "heading_level": null,
      "page_id": 5,
      "polygon": [
        [
          61.5,
          23.203125
        ],
        [
          725.25,
          23.203125
        ],
        [
          725.25,
          51.6796875
        ],
        [
          61.5,
          51.6796875
        ]
      ]
    },
    {
      "title": "9M net profit up 11% to new high",
      "heading_level": null,
      "page_id": 6,
      "polygon": [
        [
          61.5,
          23.994140625
        ],
        [
          501.0,
          23.994140625
        ],
        [
          501.0,
          50.888671875
        ],
        [
          61.5,
          50.888671875
        ]
      ]
    },
    {
      "title": "3Q commercial book net interest income up 1% QoQ, NIM \nstable at 2.83%",
      "heading_level": null,
      "page_id": 7,
      "polygon": [
        [
          65.01740264892578,
          23.466796875
        ],
        [
          838.6482543945312,
          23.466796875
        ],
        [
          838.6482543945312,
          86.96798706054688
        ],
        [
          65.01740264892578,
          86.96798706054688
        ]
      ]
    },
    {
      "title": "Loans up 1% QoQ, 2% over 9M in constant-currency terms",
      "heading_level": null,
      "page_id": 8,
      "polygon": [
        [
          63.75,
          23.466796875
        ],
        [
          853.3031616210938,
          23.466796875
        ],
        [
          853.3031616210938,
          53.1575927734375
        ],
        [
          63.75,
          53.1575927734375
        ]
      ]
    },
    {
      "title": "In constant-currency terms",
      "heading_level": null,
      "page_id": 8,
      "polygon": [
        [
          690.9375,
          204.345703125
        ],
        [
          897.4321899414062,
          204.345703125
        ],
        [
          897.4321899414062,
          221.69183349609375
        ],
        [
          690.9375,
          221.69183349609375
        ]
      ]
    },
    {
      "title": "Deposits up 2% QoQ in constant-currency terms from Casa \ninflows, some of which were transitory",
      "heading_level": null,
      "page_id": 9,
      "polygon": [
        [
          63.75,
          25.048828125
        ],
        [
          864.0984497070312,
          25.048828125
        ],
        [
          864.0984497070312,
          86.7655029296875
        ],
        [
          63.75,
          86.7655029296875
        ]
      ]
    },
    {
      "title": "3Q and 9M fee income rises to record led by wealth management",
      "heading_level": null,
      "page_id": 10,
      "polygon": [
        [
          63.75,
          22.67578125
        ],
        [
          927.744384765625,
          22.67578125
        ],
        [
          927.744384765625,
          53.157989501953125
        ],
        [
          63.75,
          53.157989501953125
        ]
      ]
    },
    {
      "title": "3Q commercial book non-interest income up 21% YoY, \n9M up 23% to record",
      "heading_level": null,
      "page_id": 11,
      "polygon": [
        [
          54.375,
          24.2578125
        ],
        [
          783.9807739257812,
          24.2578125
        ],
        [
          783.9807739257812,
          86.76577758789062
        ],
        [
          54.375,
          86.76577758789062
        ]
      ]
    },
    {
      "title": "Record 3Q and 9M Wealth Management income from AUM \ninflows and conversion to investments",
      "heading_level": null,
      "page_id": 12,
      "polygon": [
        [
          65.625,
          23.203125
        ],
        [
          844.6507568359375,
          23.203125
        ],
        [
          844.6507568359375,
          86.76589965820312
        ],
        [
          65.625,
          86.76589965820312
        ]
      ]
    },
    {
      "title": "3Q and 9M cost-income ratio stable at 39%",
      "heading_level": null,
      "page_id": 13,
      "polygon": [
        [
          63.75,
          22.67578125
        ],
        [
          633.8721923828125,
          22.67578125
        ],
        [
          633.8721923828125,
          53.36016845703125
        ],
        [
          63.75,
          53.36016845703125
        ]
      ]
    },
    {
      "title": "NPA declines 8% QoQ contributed by repayment of recent cases",
      "heading_level": null,
      "page_id": 14,
      "polygon": [
        [
          63.75,
          23.466796875
        ],
        [
          921.08544921875,
          23.466796875
        ],
        [
          921.08544921875,
          54.1015625
        ],
        [
          63.75,
          54.1015625
        ]
      ]
    },
    {
      "title": "9M SP stable at 11bp of loans",
      "heading_level": null,
      "page_id": 15,
      "polygon": [
        [
          64.29029083251953,
          24.78515625
        ],
        [
          456.1607666015625,
          24.78515625
        ],
        [
          456.1607666015625,
          54.1015625
        ],
        [
          64.29029083251953,
          54.1015625
        ]
      ]
    },
    {
      "title": "Allowance coverage rises to 135%",
      "heading_level": null,
      "page_id": 16,
      "polygon": [
        [
          64.29029083251953,
          24.521484375
        ],
        [
          520.9607543945312,
          24.521484375
        ],
        [
          520.9607543945312,
          54.1015625
        ],
        [
          64.29029083251953,
          54.1015625
        ]
      ]
    },
    {
      "title": "Strong CET-1 and leverage ratios",
      "heading_level": null,
      "page_id": 17,
      "polygon": [
        [
          63.0,
          23.203125
        ],
        [
          509.25,
          23.203125
        ],
        [
          509.25,
          50.625
        ],
        [
          63.0,
          50.625
        ]
      ]
    },
    {
      "title": "3Q dividend at 54 cents per share",
      "heading_level": null,
      "page_id": 18,
      "polygon": [
        [
          66.26089477539062,
          22.939453125
        ],
        [
          513.394287109375,
          22.939453125
        ],
        [
          513.394287109375,
          53.157867431640625
        ],
        [
          66.26089477539062,
          53.157867431640625
        ]
      ]
    },
    {
      "title": "In summary",
      "heading_level": null,
      "page_id": 19,
      "polygon": [
        [
          66.26099395751953,
          24.2578125
        ],
        [
          230.73287963867188,
          24.2578125
        ],
        [
          230.73287963867188,
          53.157867431640625
        ],
        [
          66.26099395751953,
          53.157867431640625
        ]
      ]
    },
    {
      "title": "Record quarterly and \nnine-month performance",
      "heading_level": null,
      "page_id": 20,
      "polygon": [
        [
          455.625,
          178.2421875
        ],
        [
          890.8258666992188,
          178.2421875
        ],
        [
          890.8258666992188,
          257.8432312011719
        ],
        [
          455.625,
          257.8432312011719
        ]
      ]
    }
  ],
  "page_stats": [
    {
      "page_id": 0,
      "text_extraction_method": "pdftext",
      "block_counts": [
        [
          "Span",
          9
        ],
        [
          "Line",
          5
        ],
        [
          "Picture",
          1
        ],
        [
          "SectionHeader",
          1
        ],
        [
          "Text",
          1
        ]
      ],
      "block_metadata": {
        "llm_request_count": 0,
        "llm_error_count": 0,
        "llm_tokens_used": 0,
        "previous_text": "",
        "previous_type": "",
        "previous_order": 0
      }
    },
    {
      "page_id": 1,
      "text_extraction_method": "pdftext",
      "block_counts": [
        [
          "Span",
          51
        ],
        [
          "Line",
          19
        ],
        [
          "ListItem",
          10
        ],
        [
          "SectionHeader",
          5
        ],
        [
          "ListGroup",
          3
        ],
        [
          "Text",
          1
        ],
        [
          "Picture",
          1
        ],
        [
          "PageFooter",
          1
        ]
      ],
      "block_metadata": {
        "llm_request_count": 0,
        "llm_error_count": 0,
        "llm_tokens_used": 0,
        "previous_text": "",
        "previous_type": "",
        "previous_order": 0
      }
    },
    {
      "page_id": 2,
      "text_extraction_method": "pdftext",
      "block_counts": [
        [
          "Span",
          32
        ],
        [
          "Line",
          14
        ],
        [
          "Text",
          5
        ],
        [
          "ListItem",
          5
        ],
        [
          "ListGroup",
          2
        ],
        [
          "SectionHeader",
          1
        ],
        [
          "Picture",
          1
        ],
        [
          "PageFooter",
          1
        ]
      ],
      "block_metadata": {
        "llm_request_count": 0,
        "llm_error_count": 0,
        "llm_tokens_used": 0,
        "previous_text": "",
        "previous_type": "",
        "previous_order": 0
      }
    },
    {
      "page_id": 3,
      "text_extraction_method": "pdftext",
      "block_counts": [
        [
          "Span",
          63
        ],
        [
          "Line",
          27
        ],
        [
          "Text",
          6
        ],
        [
          "PageFooter",
          2
        ],
        [
          "SectionHeader",
          1
        ],
        [
          "Figure",
          1
        ],
        [
          "Picture",
          1
        ]
      ],
      "block_metadata": {
        "llm_request_count": 0,
        "llm_error_count": 0,
        "llm_tokens_used": 0,
        "previous_text": "",
        "previous_type": "",
        "previous_order": 0
      }
    },
    {
      "page_id": 4,
      "text_extraction_method": "surya",
      "block_counts": [
        [
          "Line",
          80
        ],
        [
          "Span",
          4
        ],
        [
          "Text",
          2
        ],
        [
          "SectionHeader",
          1
        ],
        [
          "Figure",
          1
        ],
        [
          "PageFooter",
          1
        ]
      ],
      "block_metadata": {
        "llm_request_count": 0,
        "llm_error_count": 0,
        "llm_tokens_used": 0,
        "previous_text": "",
        "previous_type": "",
        "previous_order": 0
      }
    },
    {
      "page_id": 5,
      "text_extraction_method": "surya",
      "block_counts": [
        [
          "Line",
          74
        ],
        [
          "Span",
          2
        ],
        [
          "SectionHeader",
          1
        ],
        [
          "Figure",
          1
        ],
        [
          "PageFooter",
          1
        ]
      ],
      "block_metadata": {
        "llm_request_count": 0,
        "llm_error_count": 0,
        "llm_tokens_used": 0,
        "previous_text": "",
        "previous_type": "",
        "previous_order": 0
      }
    },
    {
      "page_id": 6,
      "text_extraction_method": "surya",
      "block_counts": [
        [
          "Line",
          86
        ],
        [
          "Span",
          4
        ],
        [
          "Text",
          2
        ],
        [
          "SectionHeader",
          1
        ],
        [
          "Figure",
          1
        ],
        [
          "PageFooter",
          1
        ]
      ],
      "block_metadata": {
        "llm_request_count": 0,
        "llm_error_count": 0,
        "llm_tokens_used": 0,
        "previous_text": "",
        "previous_type": "",
        "previous_order": 0
      }
    },
    {
      "page_id": 7,
      "text_extraction_method": "pdftext",
      "block_counts": [
        [
          "Span",
          79
        ],
        [
          "Line",
          27
        ],
        [
          "SectionHeader",
          1
        ],
        [
          "Figure",
          1
        ],
        [
          "PageFooter",
          1
        ]
      ],
      "block_metadata": {
        "llm_request_count": 0,
        "llm_error_count": 0,
        "llm_tokens_used": 0,
        "previous_text": "",
        "previous_type": "",
        "previous_order": 0
      }
    },
    {
      "page_id": 8,
      "text_extraction_method": "pdftext",
      "block_counts": [
        [
          "Span",
          77
        ],
        [
          "Line",
          36
        ],
        [
          "SectionHeader",
          2
        ],
        [
          "ListItem",
          2
        ],
        [
          "Text",
          2
        ],
        [
          "Figure",
          1
        ],
        [
          "Picture",
          1
        ],
        [
          "PageFooter",
          1
        ],
        [
          "ListGroup",
          1
        ]
      ],
      "block_metadata": {
        "llm_request_count": 0,
        "llm_error_count": 0,
        "llm_tokens_used": 0,
        "previous_text": "",
        "previous_type": "",
        "previous_order": 0
      }
    },
    {
      "page_id": 9,
      "text_extraction_method": "pdftext",
      "block_counts": [
        [
          "Span",
          95
        ],
        [
          "Line",
          44
        ],
        [
          "SectionHeader",
          1
        ],
        [
          "Figure",
          1
        ],
        [
          "Picture",
          1
        ],
        [
          "Text",
          1
        ],
        [
          "PageFooter",
          1
        ]
      ],
      "block_metadata": {
        "llm_request_count": 0,
        "llm_error_count": 0,
        "llm_tokens_used": 0,
        "previous_text": "",
        "previous_type": "",
        "previous_order": 0
      }
    },
    {
      "page_id": 10,
      "text_extraction_method": "pdftext",
      "block_counts": [
        [
          "Span",
          119
        ],
        [
          "Line",
          39
        ],
        [
          "SectionHeader",
          1
        ],
        [
          "Figure",
          1
        ],
        [
          "Picture",
          1
        ],
        [
          "Text",
          1
        ],
        [
          "PageFooter",
          1
        ]
      ],
      "block_metadata": {
        "llm_request_count": 0,
        "llm_error_count": 0,
        "llm_tokens_used": 0,
        "previous_text": "",
        "previous_type": "",
        "previous_order": 0
      }
    },
    {
      "page_id": 11,
      "text_extraction_method": "pdftext",
      "block_counts": [
        [
          "Span",
          89
        ],
        [
          "Line",
          29
        ],
        [
          "SectionHeader",
          1
        ],
        [
          "Figure",
          1
        ],
        [
          "Picture",
          1
        ],
        [
          "PageFooter",
          1
        ]
      ],
      "block_metadata": {
        "llm_request_count": 0,
        "llm_error_count": 0,
        "llm_tokens_used": 0,
        "previous_text": "",
        "previous_type": "",
        "previous_order": 0
      }
    },
    {
      "page_id": 12,
      "text_extraction_method": "pdftext",
      "block_counts": [
        [
          "Span",
          107
        ],
        [
          "Line",
          33
        ],
        [
          "Picture",
          2
        ],
        [
          "PageFooter",
          2
        ],
        [
          "SectionHeader",
          1
        ]
      ],
      "block_metadata": {
        "llm_request_count": 0,
        "llm_error_count": 0,
        "llm_tokens_used": 0,
        "previous_text": "",
        "previous_type": "",
        "previous_order": 0
      }
    },
    {
      "page_id": 13,
      "text_extraction_method": "pdftext",
      "block_counts": [
        [
          "Span",
          65
        ],
        [
          "Line",
          20
        ],
        [
          "SectionHeader",
          1
        ],
        [
          "Figure",
          1
        ],
        [
          "Picture",
          1
        ],
        [
          "PageFooter",
          1
        ]
      ],
      "block_metadata": {
        "llm_request_count": 0,
        "llm_error_count": 0,
        "llm_tokens_used": 0,
        "previous_text": "",
        "previous_type": "",
        "previous_order": 0
      }
    },
    {
      "page_id": 14,
      "text_extraction_method": "pdftext",
      "block_counts": [
        [
          "Span",
          155
        ],
        [
          "TableCell",
          72
        ],
        [
          "Line",
          26
        ],
        [
          "PageFooter",
          2
        ],
        [
          "SectionHeader",
          1
        ],
        [
          "Table",
          1
        ],
        [
          "Picture",
          1
        ]
      ],
      "block_metadata": {
        "llm_request_count": 0,
        "llm_error_count": 0,
        "llm_tokens_used": 0,
        "previous_text": "",
        "previous_type": "",
        "previous_order": 0
      }
    },
    {
      "page_id": 15,
      "text_extraction_method": "pdftext",
      "block_counts": [
        [
          "Span",
          173
        ],
        [
          "TableCell",
          126
        ],
        [
          "Line",
          17
        ],
        [
          "Table",
          2
        ],
        [
          "PageFooter",
          2
        ],
        [
          "SectionHeader",
          1
        ],
        [
          "Picture",
          1
        ]
      ],
      "block_metadata": {
        "llm_request_count": 0,
        "llm_error_count": 0,
        "llm_tokens_used": 0,
        "previous_text": "",
        "previous_type": "",
        "previous_order": 0
      }
    },
    {
      "page_id": 16,
      "text_extraction_method": "pdftext",
      "block_counts": [
        [
          "Span",
          86
        ],
        [
          "Line",
          17
        ],
        [
          "SectionHeader",
          1
        ],
        [
          "Figure",
          1
        ],
        [
          "Picture",
          1
        ],
        [
          "PageFooter",
          1
        ]
      ],
      "block_metadata": {
        "llm_request_count": 0,
        "llm_error_count": 0,
        "llm_tokens_used": 0,
        "previous_text": "",
        "previous_type": "",
        "previous_order": 0
      }
    },
    {
      "page_id": 17,
      "text_extraction_method": "surya",
      "block_counts": [
        [
          "Line",
          48
        ],
        [
          "Span",
          3
        ],
        [
          "PageFooter",
          2
        ],
        [
          "SectionHeader",
          1
        ],
        [
          "Figure",
          1
        ],
        [
          "Picture",
          1
        ]
      ],
      "block_metadata": {
        "llm_request_count": 0,
        "llm_error_count": 0,
        "llm_tokens_used": 0,
        "previous_text": "",
        "previous_type": "",
        "previous_order": 0
      }
    },
    {
      "page_id": 18,
      "text_extraction_method": "pdftext",
      "block_counts": [
        [
          "Span",
          49
        ],
        [
          "Line",
          21
        ],
        [
          "Picture",
          2
        ],
        [
          "PageFooter",
          2
        ],
        [
          "SectionHeader",
          1
        ],
        [
          "Text",
          1
        ]
      ],
      "block_metadata": {
        "llm_request_count": 0,
        "llm_error_count": 0,
        "llm_tokens_used": 0,
        "previous_text": "",
        "previous_type": "",
        "previous_order": 0
      }
    },
    {
      "page_id": 19,
      "text_extraction_method": "pdftext",
      "block_counts": [
        [
          "Span",
          15
        ],
        [
          "Line",
          8
        ],
        [
          "Text",
          4
        ],
        [
          "SectionHeader",
          1
        ],
        [
          "Picture",
          1
        ],
        [
          "PageFooter",
          1
        ]
      ],
      "block_metadata": {
        "llm_request_count": 0,
        "llm_error_count": 0,
        "llm_tokens_used": 0,
        "previous_text": "",
        "previous_type": "",
        "previous_order": 0
      }
    },
    {
      "page_id": 20,
      "text_extraction_method": "pdftext",
      "block_counts": [
        [
          "Span",
          9
        ],
        [
          "Line",
          5
        ],
        [
          "Picture",
          1
        ],
        [
          "SectionHeader",
          1
        ],
        [
          "Text",
          1
        ]
      ],
      "block_metadata": {
        "llm_request_count": 0,
        "llm_error_count": 0,
        "llm_tokens_used": 0,
        "previous_text": "",
        "previous_type": "",
        "previous_order": 0
      }
    }
  ],
  "debug_data_path": "debug_data/3Q24_CFO_presentation"
}