{
  "table_of_contents": [
    {
      "title": "Unaudited Financial Results for the First Half/ Second Quarter Ended 30 June 2024",
      "heading_level": null,
      "page_id": 0,
      "polygon": [
        [
          71.0078125,
          142.73590087890625
        ],
        [
          466.7890625,
          142.73590087890625
        ],
        [
          466.7890625,
          152.69586181640625
        ],
        [
          71.0078125,
          152.69586181640625
        ]
      ]
    },
    {
      "title": "Dividends",
      "heading_level": null,
      "page_id": 0,
      "polygon": [
        [
          71.58984375,
          182.9541015625
        ],
        [
          119.6726303100586,
          182.9541015625
        ],
        [
          119.6726303100586,
          193.255859375
        ],
        [
          71.58984375,
          193.255859375
        ]
      ]
    },
    {
      "title": "Performance Summary",
      "heading_level": null,
      "page_id": 1,
      "polygon": [
        [
          335.83203125,
          327.6728515625
        ],
        [
          512.85546875,
          327.6728515625
        ],
        [
          512.85546875,
          344.2958984375
        ],
        [
          335.83203125,
          344.2958984375
        ]
      ]
    },
    {
      "title": "DBS GROUP HOLDINGS LTD AND ITS SUBSIDIARIES",
      "heading_level": null,
      "page_id": 2,
      "polygon": [
        [
          80.3203125,
          54.6806640625
        ],
        [
          413.2421875,
          54.6806640625
        ],
        [
          413.2421875,
          68.76092529296875
        ],
        [
          80.3203125,
          68.76092529296875
        ]
      ]
    },
    {
      "title": "DBS GROUP HOLDINGS LTD AND ITS SUBSIDIARIES",
      "heading_level": null,
      "page_id": 3,
      "polygon": [
        [
          79.15625,
          36.5908203125
        ],
        [
          414.40625,
          36.5908203125
        ],
        [
          414.40625,
          50.76092529296875
        ],
        [
          79.15625,
          50.76092529296875
        ]
      ]
    },
    {
      "title": "OVERVIEW",
      "heading_level": null,
      "page_id": 3,
      "polygon": [
        [
          53.255859375,
          63.7255859375
        ],
        [
          102.43800354003906,
          63.7255859375
        ],
        [
          102.43800354003906,
          74.01507568359375
        ],
        [
          53.255859375,
          74.01507568359375
        ]
      ]
    },
    {
      "title": "DBS GROUP HOLDINGS LTD AND ITS SUBSIDIARIES",
      "heading_level": null,
      "page_id": 4,
      "polygon": [
        [
          79.15625,
          36.5908203125
        ],
        [
          414.40625,
          36.5908203125
        ],
        [
          414.40625,
          50.76092529296875
        ],
        [
          79.15625,
          50.76092529296875
        ]
      ]
    },
    {
      "title": "DBS GROUP HOLDINGS LTD AND ITS SUBSIDIARIES",
      "heading_level": null,
      "page_id": 5,
      "polygon": [
        [
          80.3203125,
          36.5908203125
        ],
        [
          413.2421875,
          36.5908203125
        ],
        [
          413.2421875,
          50.76092529296875
        ],
        [
          80.3203125,
          50.76092529296875
        ]
      ]
    },
    {
      "title": "Notes:",
      "heading_level": null,
      "page_id": 5,
      "polygon": [
        [
          53.837890625,
          176.3759765625
        ],
        [
          76.365234375,
          176.3759765625
        ],
        [
          76.365234375,
          185.48382568359375
        ],
        [
          53.837890625,
          185.48382568359375
        ]
      ]
    },
    {
      "title": "DBS GROUP HOLDINGS LTD AND ITS SUBSIDIARIES",
      "heading_level": null,
      "page_id": 6,
      "polygon": [
        [
          79.15625,
          36.5908203125
        ],
        [
          414.40625,
          36.5908203125
        ],
        [
          414.40625,
          50.76092529296875
        ],
        [
          79.15625,
          50.76092529296875
        ]
      ]
    },
    {
      "title": "DBS GROUP HOLDINGS LTD AND ITS SUBSIDIARIES",
      "heading_level": null,
      "page_id": 7,
      "polygon": [
        [
          81.02399444580078,
          37.001953125
        ],
        [
          412.3538818359375,
          37.001953125
        ],
        [
          412.3538818359375,
          50.76092529296875
        ],
        [
          81.02399444580078,
          50.76092529296875
        ]
      ]
    },
    {
      "title": "Notes:",
      "heading_level": null,
      "page_id": 7,
      "polygon": [
        [
          53.837890625,
          166.919921875
        ],
        [
          76.365234375,
          166.919921875
        ],
        [
          76.365234375,
          175.40380859375
        ],
        [
          53.837890625,
          175.40380859375
        ]
      ]
    },
    {
      "title": "DBS GROUP HOLDINGS LTD AND ITS SUBSIDIARIES",
      "heading_level": null,
      "page_id": 8,
      "polygon": [
        [
          79.15625,
          37.4130859375
        ],
        [
          414.40625,
          37.4130859375
        ],
        [
          414.40625,
          50.76092529296875
        ],
        [
          79.15625,
          50.76092529296875
        ]
      ]
    },
    {
      "title": "First Half",
      "heading_level": null,
      "page_id": 8,
      "polygon": [
        [
          53.880001068115234,
          71.9482421875
        ],
        [
          92.96700286865234,
          71.9482421875
        ],
        [
          92.96700286865234,
          82.175048828125
        ],
        [
          53.880001068115234,
          82.175048828125
        ]
      ]
    },
    {
      "title": "Second Quarter",
      "heading_level": null,
      "page_id": 8,
      "polygon": [
        [
          53.255859375,
          505.2822265625
        ],
        [
          121.51500701904297,
          505.2822265625
        ],
        [
          121.51500701904297,
          516.8850708007812
        ],
        [
          53.255859375,
          516.8850708007812
        ]
      ]
    },
    {
      "title": "Balance Sheet",
      "heading_level": null,
      "page_id": 8,
      "polygon": [
        [
          319.826171875,
          432.9228515625
        ],
        [
          383.267578125,
          432.9228515625
        ],
        [
          383.267578125,
          444.4050598144531
        ],
        [
          319.826171875,
          444.4050598144531
        ]
      ]
    },
    {
      "title": "DBS GROUP HOLDINGS LTD AND ITS SUBSIDIARIES",
      "heading_level": null,
      "page_id": 9,
      "polygon": [
        [
          79.15625,
          37.4130859375
        ],
        [
          412.23931884765625,
          37.4130859375
        ],
        [
          412.23931884765625,
          50.76092529296875
        ],
        [
          79.15625,
          50.76092529296875
        ]
      ]
    },
    {
      "title": "NET INTEREST INCOME",
      "heading_level": null,
      "page_id": 9,
      "polygon": [
        [
          53.255859375,
          82.6376953125
        ],
        [
          159.95298767089844,
          82.6376953125
        ],
        [
          159.95298767089844,
          92.51507568359375
        ],
        [
          53.255859375,
          92.51507568359375
        ]
      ]
    },
    {
      "title": "Notes:",
      "heading_level": null,
      "page_id": 9,
      "polygon": [
        [
          53.837890625,
          498.7041015625
        ],
        [
          75.6452407836914,
          498.7041015625
        ],
        [
          75.6452407836914,
          508.3338623046875
        ],
        [
          53.837890625,
          508.3338623046875
        ]
      ]
    },
    {
      "title": "DBS GROUP HOLDINGS LTD AND ITS SUBSIDIARIES",
      "heading_level": null,
      "page_id": 10,
      "polygon": [
        [
          86.140625,
          36.5908203125
        ],
        [
          419.0625,
          36.5908203125
        ],
        [
          419.0625,
          50.76092529296875
        ],
        [
          86.140625,
          50.76092529296875
        ]
      ]
    },
    {
      "title": "DBS GROUP HOLDINGS LTD AND ITS SUBSIDIARIES",
      "heading_level": null,
      "page_id": 11,
      "polygon": [
        [
          84.9765625,
          36.5908203125
        ],
        [
          417.8984375,
          36.5908203125
        ],
        [
          417.8984375,
          50.76092529296875
        ],
        [
          84.9765625,
          50.76092529296875
        ]
      ]
    },
    {
      "title": "NET FEE AND COMMISSION INCOME1",
      "heading_level": null,
      "page_id": 11,
      "polygon": [
        [
          60.984004974365234,
          71.9482421875
        ],
        [
          226.41015625,
          71.9482421875
        ],
        [
          226.41015625,
          82.175048828125
        ],
        [
          60.984004974365234,
          82.175048828125
        ]
      ]
    },
    {
      "title": "Notes:",
      "heading_level": null,
      "page_id": 11,
      "polygon": [
        [
          61.404296875,
          230.234375
        ],
        [
          84.78923797607422,
          230.234375
        ],
        [
          84.78923797607422,
          239.72381591796875
        ],
        [
          61.404296875,
          239.72381591796875
        ]
      ]
    },
    {
      "title": "OTHER NON-INTEREST INCOME",
      "heading_level": null,
      "page_id": 11,
      "polygon": [
        [
          56.45703125,
          398.798828125
        ],
        [
          200.97500610351562,
          398.798828125
        ],
        [
          200.97500610351562,
          409.8250732421875
        ],
        [
          56.45703125,
          409.8250732421875
        ]
      ]
    },
    {
      "title": "DBS GROUP HOLDINGS LTD AND ITS SUBSIDIARIES",
      "heading_level": null,
      "page_id": 12,
      "polygon": [
        [
          86.140625,
          36.5908203125
        ],
        [
          417.6393127441406,
          36.5908203125
        ],
        [
          417.6393127441406,
          50.76092529296875
        ],
        [
          86.140625,
          50.76092529296875
        ]
      ]
    },
    {
      "title": "EXPENSES1",
      "heading_level": null,
      "page_id": 12,
      "polygon": [
        [
          57.912109375,
          71.9482421875
        ],
        [
          110.876953125,
          71.9482421875
        ],
        [
          110.876953125,
          82.175048828125
        ],
        [
          57.912109375,
          82.175048828125
        ]
      ]
    },
    {
      "title": "Notes:",
      "heading_level": null,
      "page_id": 12,
      "polygon": [
        [
          61.6953125,
          259.8359375
        ],
        [
          84.9765625,
          259.8359375
        ],
        [
          84.9765625,
          268.673828125
        ],
        [
          61.6953125,
          268.673828125
        ]
      ]
    },
    {
      "title": "ALLOWANCES FOR CREDIT AND OTHER LOSSES",
      "heading_level": null,
      "page_id": 12,
      "polygon": [
        [
          57.0390625,
          387.287109375
        ],
        [
          275.385009765625,
          387.287109375
        ],
        [
          275.385009765625,
          398.5450744628906
        ],
        [
          57.0390625,
          398.5450744628906
        ]
      ]
    },
    {
      "title": "Notes:",
      "heading_level": null,
      "page_id": 12,
      "polygon": [
        [
          61.404296875,
          636.8447265625
        ],
        [
          85.51043701171875,
          636.8447265625
        ],
        [
          85.51043701171875,
          648.6438598632812
        ],
        [
          61.404296875,
          648.6438598632812
        ]
      ]
    },
    {
      "title": "DBS GROUP HOLDINGS LTD AND ITS SUBSIDIARIES",
      "heading_level": null,
      "page_id": 13,
      "polygon": [
        [
          84.9765625,
          37.4130859375
        ],
        [
          417.8984375,
          37.4130859375
        ],
        [
          417.8984375,
          50.76092529296875
        ],
        [
          84.9765625,
          50.76092529296875
        ]
      ]
    },
    {
      "title": "PERFORMANCE BY BUSINESS SEGMENTS",
      "heading_level": null,
      "page_id": 13,
      "polygon": [
        [
          57.0390625,
          71.9482421875
        ],
        [
          245.6171875,
          71.9482421875
        ],
        [
          245.6171875,
          82.175048828125
        ],
        [
          57.0390625,
          82.175048828125
        ]
      ]
    },
    {
      "title": "DBS GROUP HOLDINGS LTD AND ITS SUBSIDIARIES",
      "heading_level": null,
      "page_id": 14,
      "polygon": [
        [
          84.9765625,
          37.001953125
        ],
        [
          417.8984375,
          37.001953125
        ],
        [
          417.8984375,
          50.76092529296875
        ],
        [
          84.9765625,
          50.76092529296875
        ]
      ]
    },
    {
      "title": "PERFORMANCE BY BUSINESS SEGMENTS",
      "heading_level": null,
      "page_id": 14,
      "polygon": [
        [
          58.203125,
          76.0595703125
        ],
        [
          246.78125,
          76.0595703125
        ],
        [
          246.78125,
          86.63507080078125
        ],
        [
          58.203125,
          86.63507080078125
        ]
      ]
    },
    {
      "title": "Notes:",
      "heading_level": null,
      "page_id": 14,
      "polygon": [
        [
          62.859375,
          511.8603515625
        ],
        [
          86.83043670654297,
          511.8603515625
        ],
        [
          86.83043670654297,
          521.4138488769531
        ],
        [
          62.859375,
          521.4138488769531
        ]
      ]
    },
    {
      "title": "Consumer Banking/ Wealth Management",
      "heading_level": null,
      "page_id": 14,
      "polygon": [
        [
          62.27734375,
          712.3950653076172
        ],
        [
          237.3689727783203,
          712.3950653076172
        ],
        [
          237.3689727783203,
          721.5380859375
        ],
        [
          62.27734375,
          721.5380859375
        ]
      ]
    },
    {
      "title": "DBS GROUP HOLDINGS LTD AND ITS SUBSIDIARIES",
      "heading_level": null,
      "page_id": 15,
      "polygon": [
        [
          79.15625,
          37.4130859375
        ],
        [
          412.23931884765625,
          37.4130859375
        ],
        [
          412.23931884765625,
          50.76092529296875
        ],
        [
          79.15625,
          50.76092529296875
        ]
      ]
    },
    {
      "title": "Institutional Banking",
      "heading_level": null,
      "page_id": 15,
      "polygon": [
        [
          61.6953125,
          124.162109375
        ],
        [
          151.96798706054688,
          124.162109375
        ],
        [
          151.96798706054688,
          133.9150390625
        ],
        [
          61.6953125,
          133.9150390625
        ]
      ]
    },
    {
      "title": "Markets Trading",
      "heading_level": null,
      "page_id": 15,
      "polygon": [
        [
          324.6700134277344,
          72.359375
        ],
        [
          395.19921875,
          72.359375
        ],
        [
          395.19921875,
          82.175048828125
        ],
        [
          324.6700134277344,
          82.175048828125
        ]
      ]
    },
    {
      "title": "Others",
      "heading_level": null,
      "page_id": 15,
      "polygon": [
        [
          324.6700134277344,
          423.0556640625
        ],
        [
          353.6860046386719,
          423.0556640625
        ],
        [
          353.6860046386719,
          434.0650634765625
        ],
        [
          324.6700134277344,
          434.0650634765625
        ]
      ]
    },
    {
      "title": "DBS GROUP HOLDINGS LTD AND ITS SUBSIDIARIES",
      "heading_level": null,
      "page_id": 16,
      "polygon": [
        [
          79.15625,
          37.4130859375
        ],
        [
          414.40625,
          37.4130859375
        ],
        [
          414.40625,
          50.76092529296875
        ],
        [
          79.15625,
          50.76092529296875
        ]
      ]
    },
    {
      "title": "PERFORMANCE BY GEOGRAPHY",
      "heading_level": null,
      "page_id": 16,
      "polygon": [
        [
          53.546875,
          71.9482421875
        ],
        [
          200.50201416015625,
          71.9482421875
        ],
        [
          200.50201416015625,
          82.175048828125
        ],
        [
          53.546875,
          82.175048828125
        ]
      ]
    },
    {
      "title": "DBS GROUP HOLDINGS LTD AND ITS SUBSIDIARIES",
      "heading_level": null,
      "page_id": 17,
      "polygon": [
        [
          80.3203125,
          36.5908203125
        ],
        [
          413.2421875,
          36.5908203125
        ],
        [
          413.2421875,
          50.76092529296875
        ],
        [
          80.3203125,
          50.76092529296875
        ]
      ]
    },
    {
      "title": "PERFORMANCE BY GEOGRAPHY",
      "heading_level": null,
      "page_id": 17,
      "polygon": [
        [
          53.546875,
          71.9482421875
        ],
        [
          200.50201416015625,
          71.9482421875
        ],
        [
          200.50201416015625,
          82.175048828125
        ],
        [
          53.546875,
          82.175048828125
        ]
      ]
    },
    {
      "title": "Singapore",
      "heading_level": null,
      "page_id": 17,
      "polygon": [
        [
          57.330078125,
          649.6350708007812
        ],
        [
          102.55799865722656,
          649.6350708007812
        ],
        [
          102.55799865722656,
          659.0458984375
        ],
        [
          57.330078125,
          659.0458984375
        ]
      ]
    },
    {
      "title": "Hong Kong",
      "heading_level": null,
      "page_id": 17,
      "polygon": [
        [
          322.4453125,
          577.1250610351562
        ],
        [
          372.15399169921875,
          577.1250610351562
        ],
        [
          372.15399169921875,
          586.6865234375
        ],
        [
          322.4453125,
          586.6865234375
        ]
      ]
    },
    {
      "title": "DBS GROUP HOLDINGS LTD AND ITS SUBSIDIARIES",
      "heading_level": null,
      "page_id": 18,
      "polygon": [
        [
          83.8125,
          37.001953125
        ],
        [
          419.0625,
          37.001953125
        ],
        [
          419.0625,
          50.76092529296875
        ],
        [
          83.8125,
          50.76092529296875
        ]
      ]
    },
    {
      "title": "Rest of Greater China",
      "heading_level": null,
      "page_id": 18,
      "polygon": [
        [
          57.62109375,
          154.9970703125
        ],
        [
          150.97801208496094,
          154.9970703125
        ],
        [
          150.97801208496094,
          164.99505615234375
        ],
        [
          57.62109375,
          164.99505615234375
        ]
      ]
    },
    {
      "title": "South and Southeast Asia",
      "heading_level": null,
      "page_id": 18,
      "polygon": [
        [
          323.5899963378906,
          73.175048828125
        ],
        [
          435.359375,
          73.175048828125
        ],
        [
          435.359375,
          82.175048828125
        ],
        [
          323.5899963378906,
          82.175048828125
        ]
      ]
    },
    {
      "title": "Rest of the World",
      "heading_level": null,
      "page_id": 18,
      "polygon": [
        [
          323.02734375,
          249.11505126953125
        ],
        [
          398.69140625,
          249.11505126953125
        ],
        [
          398.69140625,
          258.11505126953125
        ],
        [
          323.02734375,
          258.11505126953125
        ]
      ]
    },
    {
      "title": "DBS GROUP HOLDINGS LTD AND ITS SUBSIDIARIES",
      "heading_level": null,
      "page_id": 19,
      "polygon": [
        [
          74.5,
          37.4130859375
        ],
        [
          407.421875,
          37.4130859375
        ],
        [
          407.421875,
          50.76092529296875
        ],
        [
          74.5,
          50.76092529296875
        ]
      ]
    },
    {
      "title": "CUSTOMER LOANS",
      "heading_level": null,
      "page_id": 19,
      "polygon": [
        [
          59.94921875,
          71.9482421875
        ],
        [
          147.15000915527344,
          71.9482421875
        ],
        [
          147.15000915527344,
          82.175048828125
        ],
        [
          59.94921875,
          82.175048828125
        ]
      ]
    },
    {
      "title": "Notes:",
      "heading_level": null,
      "page_id": 19,
      "polygon": [
        [
          59.658203125,
          607.2431640625
        ],
        [
          83.46923828125,
          607.2431640625
        ],
        [
          83.46923828125,
          616.453857421875
        ],
        [
          59.658203125,
          616.453857421875
        ]
      ]
    },
    {
      "title": "DBS GROUP HOLDINGS LTD AND ITS SUBSIDIARIES",
      "heading_level": null,
      "page_id": 20,
      "polygon": [
        [
          76.828125,
          36.5908203125
        ],
        [
          410.4393310546875,
          36.5908203125
        ],
        [
          410.4393310546875,
          50.76092529296875
        ],
        [
          76.828125,
          50.76092529296875
        ]
      ]
    },
    {
      "title": "NON-PERFORMING ASSETS AND LOSS ALLOWANCE COVERAGE",
      "heading_level": null,
      "page_id": 20,
      "polygon": [
        [
          50.63671875,
          71.9482421875
        ],
        [
          338.4809875488281,
          71.9482421875
        ],
        [
          338.4809875488281,
          82.175048828125
        ],
        [
          50.63671875,
          82.175048828125
        ]
      ]
    },
    {
      "title": "Notes:",
      "heading_level": null,
      "page_id": 20,
      "polygon": [
        [
          51.21875,
          709.2041015625
        ],
        [
          73.8452377319336,
          709.2041015625
        ],
        [
          73.8452377319336,
          718.6038589477539
        ],
        [
          51.21875,
          718.6038589477539
        ]
      ]
    },
    {
      "title": "DBS GROUP HOLDINGS LTD AND ITS SUBSIDIARIES",
      "heading_level": null,
      "page_id": 21,
      "polygon": [
        [
          79.10399627685547,
          37.4130859375
        ],
        [
          412.078125,
          37.4130859375
        ],
        [
          412.078125,
          50.76092529296875
        ],
        [
          79.10399627685547,
          50.76092529296875
        ]
      ]
    },
    {
      "title": "NON-PERFORMING ASSETS AND LOSS ALLOWANCE COVERAGE",
      "heading_level": null,
      "page_id": 21,
      "polygon": [
        [
          54.119998931884766,
          71.9482421875
        ],
        [
          343.02301025390625,
          71.9482421875
        ],
        [
          343.02301025390625,
          82.175048828125
        ],
        [
          54.119998931884766,
          82.175048828125
        ]
      ]
    },
    {
      "title": "DBS GROUP HOLDINGS LTD AND ITS SUBSIDIARIES",
      "heading_level": null,
      "page_id": 22,
      "polygon": [
        [
          79.10399627685547,
          37.4130859375
        ],
        [
          412.078125,
          37.4130859375
        ],
        [
          412.078125,
          50.76092529296875
        ],
        [
          79.10399627685547,
          50.76092529296875
        ]
      ]
    },
    {
      "title": "DBS GROUP HOLDINGS LTD AND ITS SUBSIDIARIES",
      "heading_level": null,
      "page_id": 23,
      "polygon": [
        [
          89.54399871826172,
          37.4130859375
        ],
        [
          421.0088806152344,
          37.4130859375
        ],
        [
          421.0088806152344,
          50.76092529296875
        ],
        [
          89.54399871826172,
          50.76092529296875
        ]
      ]
    },
    {
      "title": "CUSTOMER DEPOSITS",
      "heading_level": null,
      "page_id": 23,
      "polygon": [
        [
          59.94921875,
          71.9482421875
        ],
        [
          163.5449981689453,
          71.9482421875
        ],
        [
          163.5449981689453,
          82.175048828125
        ],
        [
          59.94921875,
          82.175048828125
        ]
      ]
    },
    {
      "title": "Notes:",
      "heading_level": null,
      "page_id": 23,
      "polygon": [
        [
          60.53125,
          482.2587890625
        ],
        [
          83.34923553466797,
          482.2587890625
        ],
        [
          83.34923553466797,
          491.3037109375
        ],
        [
          60.53125,
          491.3037109375
        ]
      ]
    },
    {
      "title": "DEBTS ISSUED",
      "heading_level": null,
      "page_id": 23,
      "polygon": [
        [
          60.240234375,
          580.2450561523438
        ],
        [
          127.60499572753906,
          580.2450561523438
        ],
        [
          127.60499572753906,
          589.9755859375
        ],
        [
          60.240234375,
          589.9755859375
        ]
      ]
    },
    {
      "title": "Notes:",
      "heading_level": null,
      "page_id": 23,
      "polygon": [
        [
          60.53125,
          748.6728515625
        ],
        [
          82.88567352294922,
          748.6728515625
        ],
        [
          82.88567352294922,
          757.7177734375
        ],
        [
          60.53125,
          757.7177734375
        ]
      ]
    },
    {
      "title": "DBS GROUP HOLDINGS LTD AND ITS SUBSIDIARIES",
      "heading_level": null,
      "page_id": 24,
      "polygon": [
        [
          53.546875,
          53.0361328125
        ],
        [
          387.1629943847656,
          53.0361328125
        ],
        [
          387.1629943847656,
          66.72088623046875
        ],
        [
          53.546875,
          66.72088623046875
        ]
      ]
    },
    {
      "title": "CAPITAL ADEQUACY",
      "heading_level": null,
      "page_id": 24,
      "polygon": [
        [
          53.255859375,
          80.58203125
        ],
        [
          159.94752502441406,
          80.58203125
        ],
        [
          159.94752502441406,
          91.3758544921875
        ],
        [
          53.255859375,
          91.3758544921875
        ]
      ]
    },
    {
      "title": "PILLAR 3, LIQUIDITY COVERAGE RATIO AND NET STABLE FUNDING RATIO DISCLOSURES",
      "heading_level": null,
      "page_id": 24,
      "polygon": [
        [
          53.546875,
          521.205078125
        ],
        [
          451.65625,
          521.205078125
        ],
        [
          451.65625,
          530.7724609375
        ],
        [
          53.546875,
          530.7724609375
        ]
      ]
    },
    {
      "title": "UNREALISED PROPERTY VALUATION SURPLUS",
      "heading_level": null,
      "page_id": 24,
      "polygon": [
        [
          52.3828125,
          623.6884765625
        ],
        [
          266.5703125,
          623.6884765625
        ],
        [
          266.5703125,
          634.8750610351562
        ],
        [
          52.3828125,
          634.8750610351562
        ]
      ]
    },
    {
      "title": "DBS GROUP HOLDINGS LTD AND ITS SUBSIDIARIES",
      "heading_level": null,
      "page_id": 25,
      "polygon": [
        [
          53.546875,
          53.0361328125
        ],
        [
          387.1629943847656,
          53.0361328125
        ],
        [
          387.1629943847656,
          66.72088623046875
        ],
        [
          53.546875,
          66.72088623046875
        ]
      ]
    },
    {
      "title": "UNAUDITED CONSOLIDATED INCOME STATEMENT",
      "heading_level": null,
      "page_id": 25,
      "polygon": [
        [
          53.546875,
          81.49932861328125
        ],
        [
          327.11859130859375,
          81.49932861328125
        ],
        [
          327.11859130859375,
          92.539306640625
        ],
        [
          53.546875,
          92.539306640625
        ]
      ]
    },
    {
      "title": "DBS GROUP HOLDINGS LTD AND ITS SUBSIDIARIES",
      "heading_level": null,
      "page_id": 26,
      "polygon": [
        [
          54.7109375,
          53.0361328125
        ],
        [
          387.6328125,
          53.0361328125
        ],
        [
          387.6328125,
          66.72088623046875
        ],
        [
          54.7109375,
          66.72088623046875
        ]
      ]
    },
    {
      "title": "UNAUDITED CONSOLIDATED STATEMENT OF COMPREHENSIVE INCOME",
      "heading_level": null,
      "page_id": 26,
      "polygon": [
        [
          52.3828125,
          80.1708984375
        ],
        [
          445.8359375,
          80.1708984375
        ],
        [
          445.8359375,
          92.539306640625
        ],
        [
          52.3828125,
          92.539306640625
        ]
      ]
    },
    {
      "title": "DBS GROUP HOLDINGS LTD AND ITS SUBSIDIARIES",
      "heading_level": null,
      "page_id": 27,
      "polygon": [
        [
          54.7109375,
          37.4130859375
        ],
        [
          387.6328125,
          37.4130859375
        ],
        [
          387.6328125,
          51.00091552734375
        ],
        [
          54.7109375,
          51.00091552734375
        ]
      ]
    },
    {
      "title": "UNAUDITED BALANCE SHEETS",
      "heading_level": null,
      "page_id": 27,
      "polygon": [
        [
          54.720001220703125,
          64.13671875
        ],
        [
          223.44415283203125,
          64.13671875
        ],
        [
          223.44415283203125,
          75.23931884765625
        ],
        [
          54.720001220703125,
          75.23931884765625
        ]
      ]
    },
    {
      "title": "DBS GROUP HOLDINGS LTD AND ITS SUBSIDIARIES",
      "heading_level": null,
      "page_id": 28,
      "polygon": [
        [
          54.7109375,
          38.0408935546875
        ],
        [
          387.6328125,
          38.0408935546875
        ],
        [
          387.6328125,
          51.00091552734375
        ],
        [
          54.7109375,
          51.00091552734375
        ]
      ]
    },
    {
      "title": "UNAUDITED CONSOLIDATED STATEMENT OF CHANGES IN EQUITY",
      "heading_level": null,
      "page_id": 28,
      "polygon": [
        [
          57.0390625,
          62.4921875
        ],
        [
          421.3320007324219,
          62.4921875
        ],
        [
          421.3320007324219,
          75.23931884765625
        ],
        [
          57.0390625,
          75.23931884765625
        ]
      ]
    },
    {
      "title": "DBS GROUP HOLDINGS LTD AND ITS SUBSIDIARIES",
      "heading_level": null,
      "page_id": 29,
      "polygon": [
        [
          54.7109375,
          38.0408935546875
        ],
        [
          387.6328125,
          38.0408935546875
        ],
        [
          387.6328125,
          51.00091552734375
        ],
        [
          54.7109375,
          51.00091552734375
        ]
      ]
    },
    {
      "title": "UNAUDITED STATEMENT OF CHANGES IN EQUITY",
      "heading_level": null,
      "page_id": 29,
      "polygon": [
        [
          53.546875,
          63.314453125
        ],
        [
          323.609375,
          63.314453125
        ],
        [
          323.609375,
          75.23931884765625
        ],
        [
          53.546875,
          75.23931884765625
        ]
      ]
    },
    {
      "title": "The Company",
      "heading_level": null,
      "page_id": 29,
      "polygon": [
        [
          51.80078125,
          105.6611328125
        ],
        [
          113.49609375,
          105.6611328125
        ],
        [
          113.49609375,
          116.39508056640625
        ],
        [
          51.80078125,
          116.39508056640625
        ]
      ]
    },
    {
      "title": "DBS GROUP HOLDINGS LTD AND ITS SUBSIDIARIES",
      "heading_level": null,
      "page_id": 30,
      "polygon": [
        [
          53.546875,
          37.4130859375
        ],
        [
          387.3753356933594,
          37.4130859375
        ],
        [
          387.3753356933594,
          51.00091552734375
        ],
        [
          53.546875,
          51.00091552734375
        ]
      ]
    },
    {
      "title": "UNAUDITED CONSOLIDATED CASH FLOW STATEMENT",
      "heading_level": null,
      "page_id": 30,
      "polygon": [
        [
          58.44000244140625,
          62.9033203125
        ],
        [
          355.62109375,
          62.9033203125
        ],
        [
          355.62109375,
          75.23931884765625
        ],
        [
          58.44000244140625,
          75.23931884765625
        ]
      ]
    },
    {
      "title": "DBS GROUP HOLDINGS LTD AND ITS SUBSIDIARIES",
      "heading_level": null,
      "page_id": 31,
      "polygon": [
        [
          53.546875,
          38.0408935546875
        ],
        [
          387.3753356933594,
          38.0408935546875
        ],
        [
          387.3753356933594,
          51.00091552734375
        ],
        [
          53.546875,
          51.00091552734375
        ]
      ]
    },
    {
      "title": "OTHER FINANCIAL INFORMATION",
      "heading_level": null,
      "page_id": 31,
      "polygon": [
        [
          52.3828125,
          63.314453125
        ],
        [
          235.51968383789062,
          63.314453125
        ],
        [
          235.51968383789062,
          75.23931884765625
        ],
        [
          52.3828125,
          75.23931884765625
        ]
      ]
    },
    {
      "title": "1. Fair Value of Financial Instruments",
      "heading_level": null,
      "page_id": 31,
      "polygon": [
        [
          54.0,
          85.45928955078125
        ],
        [
          262.3320007324219,
          85.45928955078125
        ],
        [
          262.3320007324219,
          96.499267578125
        ],
        [
          54.0,
          96.499267578125
        ]
      ]
    },
    {
      "title": "Fair Value Hierarchy",
      "heading_level": null,
      "page_id": 31,
      "polygon": [
        [
          72.02399444580078,
          137.7294921875
        ],
        [
          159.08299255371094,
          137.7294921875
        ],
        [
          159.08299255371094,
          148.3150634765625
        ],
        [
          72.02399444580078,
          148.3150634765625
        ]
      ]
    },
    {
      "title": "2. Off-balance Sheet Items",
      "heading_level": null,
      "page_id": 31,
      "polygon": [
        [
          53.546875,
          541.3892822265625
        ],
        [
          198.92112731933594,
          541.3892822265625
        ],
        [
          198.92112731933594,
          552.4292907714844
        ],
        [
          53.546875,
          552.4292907714844
        ]
      ]
    },
    {
      "title": "DBS GROUP HOLDINGS LTD AND ITS SUBSIDIARIES",
      "heading_level": null,
      "page_id": 32,
      "polygon": [
        [
          44.234375,
          36.5908203125
        ],
        [
          379.484375,
          36.5908203125
        ],
        [
          379.484375,
          50.76092529296875
        ],
        [
          44.234375,
          50.76092529296875
        ]
      ]
    },
    {
      "title": "ADDITIONAL INFORMATION",
      "heading_level": null,
      "page_id": 32,
      "polygon": [
        [
          42.197265625,
          71.9482421875
        ],
        [
          195.12673950195312,
          71.9482421875
        ],
        [
          195.12673950195312,
          84.47930908203125
        ],
        [
          42.197265625,
          84.47930908203125
        ]
      ]
    },
    {
      "title": "SHARE CAPITAL",
      "heading_level": null,
      "page_id": 32,
      "polygon": [
        [
          43.65234375,
          96.6162109375
        ],
        [
          116.63400268554688,
          96.6162109375
        ],
        [
          116.63400268554688,
          106.3150634765625
        ],
        [
          43.65234375,
          106.3150634765625
        ]
      ]
    },
    {
      "title": "INTERESTED PARTY TRANSACTIONS PURSUANT TO LISTING RULE 920(1)",
      "heading_level": null,
      "page_id": 32,
      "polygon": [
        [
          41.90625,
          436.2119140625
        ],
        [
          368.80499267578125,
          436.2119140625
        ],
        [
          368.80499267578125,
          445.6050720214844
        ],
        [
          41.90625,
          445.6050720214844
        ]
      ]
    },
    {
      "title": "CONFIRMATION OF DIRECTORS AND EXECUTIVE OFFICERS' UNDERTAKINGS PURSUANT TO LISTING RULE 720(1)",
      "heading_level": null,
      "page_id": 32,
      "polygon": [
        [
          43.0703125,
          488.8369140625
        ],
        [
          545.9453125,
          488.8369140625
        ],
        [
          545.9453125,
          499.7250671386719
        ],
        [
          43.0703125,
          499.7250671386719
        ]
      ]
    },
    {
      "title": "DBS GROUP HOLDINGS LTD AND ITS SUBSIDIARIES",
      "heading_level": null,
      "page_id": 33,
      "polygon": [
        [
          51.042821158690174,
          51.73463935886019
        ],
        [
          373.6640625,
          51.73463935886019
        ],
        [
          373.6640625,
          64.48085485307213
        ],
        [
          51.042821158690174,
          64.48085485307213
        ]
      ]
    },
    {
      "title": "CONFIRMATION BY THE BOARD",
      "heading_level": null,
      "page_id": 33,
      "polygon": [
        [
          49.47265625,
          84.72484416740872
        ],
        [
          187.65743073047858,
          84.72484416740872
        ],
        [
          187.65743073047858,
          94.47195013357079
        ],
        [
          49.47265625,
          94.47195013357079
        ]
      ]
    }
  ],
  "page_stats": [
    {
      "page_id": 0,
      "text_extraction_method": "pdftext",
      "block_counts": [
        [
          "Span",
          98
        ],
        [
          "Line",
          29
        ],
        [
          "Text",
          15
        ],
        [
          "SectionHeader",
          2
        ],
        [
          "Picture",
          1
        ],
        [
          "PageFooter",
          1
        ]
      ],
      "block_metadata": {
        "llm_request_count": 0,
        "llm_error_count": 0,
        "llm_tokens_used": 0,
        "previous_text": "",
        "previous_type": "",
        "previous_order": 0
      }
    },
    {
      "page_id": 1,
      "text_extraction_method": "pdftext",
      "block_counts": [
        [
          "Span",
          23
        ],
        [
          "Line",
          8
        ],
        [
          "Picture",
          1
        ],
        [
          "SectionHeader",
          1
        ],
        [
          "Text",
          1
        ],
        [
          "PageFooter",
          1
        ]
      ],
      "block_metadata": {
        "llm_request_count": 0,
        "llm_error_count": 0,
        "llm_tokens_used": 0,
        "previous_text": "",
        "previous_type": "",
        "previous_order": 0
      }
    },
    {
      "page_id": 2,
      "text_extraction_method": "pdftext",
      "block_counts": [
        [
          "Span",
          117
        ],
        [
          "TableCell",
          58
        ],
        [
          "Line",
          31
        ],
        [
          "SectionHeader",
          1
        ],
        [
          "TableOfContents",
          1
        ],
        [
          "PageFooter",
          1
        ]
      ],
      "block_metadata": {
        "llm_request_count": 0,
        "llm_error_count": 0,
        "llm_tokens_used": 0,
        "previous_text": "",
        "previous_type": "",
        "previous_order": 0
      }
    },
    {
      "page_id": 3,
      "text_extraction_method": "pdftext",
      "block_counts": [
        [
          "Span",
          27
        ],
        [
          "Line",
          11
        ],
        [
          "SectionHeader",
          2
        ],
        [
          "Text",
          1
        ],
        [
          "PageFooter",
          1
        ]
      ],
      "block_metadata": {
        "llm_request_count": 0,
        "llm_error_count": 0,
        "llm_tokens_used": 0,
        "previous_text": "",
        "previous_type": "",
        "previous_order": 0
      }
    },
    {
      "page_id": 4,
      "text_extraction_method": "pdftext",
      "block_counts": [
        [
          "Span",
          455
        ],
        [
          "TableCell",
          252
        ],
        [
          "Line",
          53
        ],
        [
          "SectionHeader",
          1
        ],
        [
          "Table",
          1
        ],
        [
          "PageFooter",
          1
        ]
      ],
      "block_metadata": {
        "llm_request_count": 0,
        "llm_error_count": 0,
        "llm_tokens_used": 0,
        "previous_text": "",
        "previous_type": "",
        "previous_order": 0
      }
    },
    {
      "page_id": 5,
      "text_extraction_method": "pdftext",
      "block_counts": [
        [
          "Span",
          136
        ],
        [
          "Line",
          33
        ],
        [
          "TableCell",
          24
        ],
        [
          "ListItem",
          11
        ],
        [
          "SectionHeader",
          2
        ],
        [
          "Table",
          1
        ],
        [
          "Text",
          1
        ],
        [
          "PageFooter",
          1
        ],
        [
          "ListGroup",
          1
        ]
      ],
      "block_metadata": {
        "llm_request_count": 0,
        "llm_error_count": 0,
        "llm_tokens_used": 0,
        "previous_text": "",
        "previous_type": "",
        "previous_order": 0
      }
    },
    {
      "page_id": 6,
      "text_extraction_method": "pdftext",
      "block_counts": [
        [
          "Span",
          451
        ],
        [
          "TableCell",
          252
        ],
        [
          "Line",
          53
        ],
        [
          "SectionHeader",
          1
        ],
        [
          "Table",
          1
        ],
        [
          "PageFooter",
          1
        ]
      ],
      "block_metadata": {
        "llm_request_count": 0,
        "llm_error_count": 0,
        "llm_tokens_used": 0,
        "previous_text": "",
        "previous_type": "",
        "previous_order": 0
      }
    },
    {
      "page_id": 7,
      "text_extraction_method": "pdftext",
      "block_counts": [
        [
          "Span",
          134
        ],
        [
          "Line",
          33
        ],
        [
          "TableCell",
          24
        ],
        [
          "ListItem",
          11
        ],
        [
          "SectionHeader",
          2
        ],
        [
          "Table",
          1
        ],
        [
          "Text",
          1
        ],
        [
          "PageFooter",
          1
        ],
        [
          "ListGroup",
          1
        ]
      ],
      "block_metadata": {
        "llm_request_count": 0,
        "llm_error_count": 0,
        "llm_tokens_used": 0,
        "previous_text": "",
        "previous_type": "",
        "previous_order": 0
      }
    },
    {
      "page_id": 8,
      "text_extraction_method": "pdftext",
      "block_counts": [
        [
          "Span",
          210
        ],
        [
          "Line",
          100
        ],
        [
          "Text",
          18
        ],
        [
          "SectionHeader",
          4
        ],
        [
          "PageFooter",
          1
        ]
      ],
      "block_metadata": {
        "llm_request_count": 0,
        "llm_error_count": 0,
        "llm_tokens_used": 0,
        "previous_text": "",
        "previous_type": "",
        "previous_order": 0
      }
    },
    {
      "page_id": 9,
      "text_extraction_method": "pdftext",
      "block_counts": [
        [
          "Span",
          367
        ],
        [
          "TableCell",
          143
        ],
        [
          "Line",
          65
        ],
        [
          "SectionHeader",
          3
        ],
        [
          "ListItem",
          3
        ],
        [
          "Table",
          2
        ],
        [
          "Text",
          2
        ],
        [
          "PageFooter",
          1
        ],
        [
          "ListGroup",
          1
        ]
      ],
      "block_metadata": {
        "llm_request_count": 0,
        "llm_error_count": 0,
        "llm_tokens_used": 0,
        "previous_text": "",
        "previous_type": "",
        "previous_order": 0
      }
    },
    {
      "page_id": 10,
      "text_extraction_method": "pdftext",
      "block_counts": [
        [
          "Span",
          179
        ],
        [
          "TableCell",
          103
        ],
        [
          "Line",
          25
        ],
        [
          "SectionHeader",
          1
        ],
        [
          "Table",
          1
        ],
        [
          "PageFooter",
          1
        ]
      ],
      "block_metadata": {
        "llm_request_count": 0,
        "llm_error_count": 0,
        "llm_tokens_used": 0,
        "previous_text": "",
        "previous_type": "",
        "previous_order": 0
      }
    },
    {
      "page_id": 11,
      "text_extraction_method": "pdftext",
      "block_counts": [
        [
          "Span",
          300
        ],
        [
          "TableCell",
          102
        ],
        [
          "Line",
          64
        ],
        [
          "Text",
          6
        ],
        [
          "SectionHeader",
          4
        ],
        [
          "ListItem",
          3
        ],
        [
          "Table",
          2
        ],
        [
          "PageFooter",
          1
        ],
        [
          "ListGroup",
          1
        ]
      ],
      "block_metadata": {
        "llm_request_count": 0,
        "llm_error_count": 0,
        "llm_tokens_used": 0,
        "previous_text": "",
        "previous_type": "",
        "previous_order": 0
      }
    },
    {
      "page_id": 12,
      "text_extraction_method": "pdftext",
      "block_counts": [
        [
          "Span",
          365
        ],
        [
          "TableCell",
          132
        ],
        [
          "Line",
          70
        ],
        [
          "Text",
          7
        ],
        [
          "SectionHeader",
          5
        ],
        [
          "ListItem",
          4
        ],
        [
          "Table",
          2
        ],
        [
          "ListGroup",
          2
        ],
        [
          "PageFooter",
          1
        ]
      ],
      "block_metadata": {
        "llm_request_count": 0,
        "llm_error_count": 0,
        "llm_tokens_used": 0,
        "previous_text": "",
        "previous_type": "",
        "previous_order": 0
      }
    },
    {
      "page_id": 13,
      "text_extraction_method": "pdftext",
      "block_counts": [
        [
          "Span",
          368
        ],
        [
          "TableCell",
          202
        ],
        [
          "Line",
          44
        ],
        [
          "SectionHeader",
          2
        ],
        [
          "Table",
          1
        ],
        [
          "PageFooter",
          1
        ]
      ],
      "block_metadata": {
        "llm_request_count": 0,
        "llm_error_count": 0,
        "llm_tokens_used": 0,
        "previous_text": "",
        "previous_type": "",
        "previous_order": 0
      }
    },
    {
      "page_id": 14,
      "text_extraction_method": "pdftext",
      "block_counts": [
        [
          "Span",
          322
        ],
        [
          "TableCell",
          113
        ],
        [
          "Line",
          77
        ],
        [
          "Text",
          6
        ],
        [
          "SectionHeader",
          4
        ],
        [
          "ListItem",
          2
        ],
        [
          "Table",
          1
        ],
        [
          "PageFooter",
          1
        ],
        [
          "ListGroup",
          1
        ]
      ],
      "block_metadata": {
        "llm_request_count": 0,
        "llm_error_count": 0,
        "llm_tokens_used": 0,
        "previous_text": "",
        "previous_type": "",
        "previous_order": 0
      }
    },
    {
      "page_id": 15,
      "text_extraction_method": "pdftext",
      "block_counts": [
        [
          "Span",
          162
        ],
        [
          "Line",
          71
        ],
        [
          "Text",
          10
        ],
        [
          "SectionHeader",
          4
        ],
        [
          "PageFooter",
          1
        ]
      ],
      "block_metadata": {
        "llm_request_count": 0,
        "llm_error_count": 0,
        "llm_tokens_used": 0,
        "previous_text": "",
        "previous_type": "",
        "previous_order": 0
      }
    },
    {
      "page_id": 16,
      "text_extraction_method": "pdftext",
      "block_counts": [
        [
          "Span",
          515
        ],
        [
          "TableCell",
          287
        ],
        [
          "Line",
          57
        ],
        [
          "SectionHeader",
          2
        ],
        [
          "Table",
          1
        ],
        [
          "PageFooter",
          1
        ]
      ],
      "block_metadata": {
        "llm_request_count": 0,
        "llm_error_count": 0,
        "llm_tokens_used": 0,
        "previous_text": "",
        "previous_type": "",
        "previous_order": 0
      }
    },
    {
      "page_id": 17,
      "text_extraction_method": "pdftext",
      "block_counts": [
        [
          "Span",
          380
        ],
        [
          "TableCell",
          147
        ],
        [
          "Line",
          88
        ],
        [
          "Text",
          7
        ],
        [
          "SectionHeader",
          4
        ],
        [
          "ListItem",
          2
        ],
        [
          "Table",
          1
        ],
        [
          "PageFooter",
          1
        ],
        [
          "ListGroup",
          1
        ]
      ],
      "block_metadata": {
        "llm_request_count": 0,
        "llm_error_count": 0,
        "llm_tokens_used": 0,
        "previous_text": "",
        "previous_type": "",
        "previous_order": 0
      }
    },
    {
      "page_id": 18,
      "text_extraction_method": "pdftext",
      "block_counts": [
        [
          "Span",
          113
        ],
        [
          "Line",
          53
        ],
        [
          "Text",
          8
        ],
        [
          "SectionHeader",
          4
        ],
        [
          "PageFooter",
          1
        ]
      ],
      "block_metadata": {
        "llm_request_count": 0,
        "llm_error_count": 0,
        "llm_tokens_used": 0,
        "previous_text": "",
        "previous_type": "",
        "previous_order": 0
      }
    },
    {
      "page_id": 19,
      "text_extraction_method": "pdftext",
      "block_counts": [
        [
          "Span",
          313
        ],
        [
          "TableCell",
          105
        ],
        [
          "Line",
          56
        ],
        [
          "SectionHeader",
          3
        ],
        [
          "ListItem",
          3
        ],
        [
          "Text",
          2
        ],
        [
          "Table",
          1
        ],
        [
          "PageFooter",
          1
        ],
        [
          "ListGroup",
          1
        ]
      ],
      "block_metadata": {
        "llm_request_count": 0,
        "llm_error_count": 0,
        "llm_tokens_used": 0,
        "previous_text": "",
        "previous_type": "",
        "previous_order": 0
      }
    },
    {
      "page_id": 20,
      "text_extraction_method": "pdftext",
      "block_counts": [
        [
          "Span",
          422
        ],
        [
          "TableCell",
          224
        ],
        [
          "Line",
          62
        ],
        [
          "Footnote",
          4
        ],
        [
          "SectionHeader",
          3
        ],
        [
          "Table",
          1
        ],
        [
          "PageFooter",
          1
        ]
      ],
      "block_metadata": {
        "llm_request_count": 0,
        "llm_error_count": 0,
        "llm_tokens_used": 0,
        "previous_text": "",
        "previous_type": "",
        "previous_order": 0
      }
    },
    {
      "page_id": 21,
      "text_extraction_method": "pdftext",
      "block_counts": [
        [
          "Span",
          420
        ],
        [
          "TableCell",
          215
        ],
        [
          "Line",
          49
        ],
        [
          "Table",
          3
        ],
        [
          "SectionHeader",
          2
        ],
        [
          "Footnote",
          2
        ],
        [
          "Text",
          1
        ],
        [
          "PageFooter",
          1
        ]
      ],
      "block_metadata": {
        "llm_request_count": 0,
        "llm_error_count": 0,
        "llm_tokens_used": 0,
        "previous_text": "",
        "previous_type": "",
        "previous_order": 0
      }
    },
    {
      "page_id": 22,
      "text_extraction_method": "pdftext",
      "block_counts": [
        [
          "Span",
          73
        ],
        [
          "TableCell",
          31
        ],
        [
          "Line",
          18
        ],
        [
          "Text",
          2
        ],
        [
          "SectionHeader",
          1
        ],
        [
          "Table",
          1
        ],
        [
          "PageFooter",
          1
        ]
      ],
      "block_metadata": {
        "llm_request_count": 0,
        "llm_error_count": 0,
        "llm_tokens_used": 0,
        "previous_text": "",
        "previous_type": "",
        "previous_order": 0
      }
    },
    {
      "page_id": 23,
      "text_extraction_method": "pdftext",
      "block_counts": [
        [
          "Span",
          407
        ],
        [
          "TableCell",
          172
        ],
        [
          "Line",
          62
        ],
        [
          "SectionHeader",
          5
        ],
        [
          "Footnote",
          4
        ],
        [
          "Table",
          2
        ],
        [
          "Text",
          2
        ],
        [
          "PageFooter",
          1
        ]
      ],
      "block_metadata": {
        "llm_request_count": 0,
        "llm_error_count": 0,
        "llm_tokens_used": 0,
        "previous_text": "",
        "previous_type": "",
        "previous_order": 0
      }
    },
    {
      "page_id": 24,
      "text_extraction_method": "pdftext",
      "block_counts": [
        [
          "Span",
          224
        ],
        [
          "TableCell",
          100
        ],
        [
          "Line",
          35
        ],
        [
          "SectionHeader",
          4
        ],
        [
          "Text",
          4
        ],
        [
          "Table",
          1
        ],
        [
          "Footnote",
          1
        ],
        [
          "PageFooter",
          1
        ]
      ],
      "block_metadata": {
        "llm_request_count": 0,
        "llm_error_count": 0,
        "llm_tokens_used": 0,
        "previous_text": "",
        "previous_type": "",
        "previous_order": 0
      }
    },
    {
      "page_id": 25,
      "text_extraction_method": "pdftext",
      "block_counts": [
        [
          "Span",
          306
        ],
        [
          "TableCell",
          156
        ],
        [
          "Line",
          41
        ],
        [
          "SectionHeader",
          2
        ],
        [
          "Text",
          2
        ],
        [
          "Table",
          1
        ],
        [
          "PageFooter",
          1
        ]
      ],
      "block_metadata": {
        "llm_request_count": 0,
        "llm_error_count": 0,
        "llm_tokens_used": 0,
        "previous_text": "",
        "previous_type": "",
        "previous_order": 0
      }
    },
    {
      "page_id": 26,
      "text_extraction_method": "pdftext",
      "block_counts": [
        [
          "Span",
          254
        ],
        [
          "TableCell",
          144
        ],
        [
          "Line",
          51
        ],
        [
          "SectionHeader",
          2
        ],
        [
          "Text",
          2
        ],
        [
          "Table",
          1
        ],
        [
          "PageFooter",
          1
        ]
      ],
      "block_metadata": {
        "llm_request_count": 0,
        "llm_error_count": 0,
        "llm_tokens_used": 0,
        "previous_text": "",
        "previous_type": "",
        "previous_order": 0
      }
    },
    {
      "page_id": 27,
      "text_extraction_method": "pdftext",
      "block_counts": [
        [
          "Span",
          481
        ],
        [
          "TableCell",
          279
        ],
        [
          "Line",
          45
        ],
        [
          "SectionHeader",
          2
        ],
        [
          "Table",
          1
        ],
        [
          "Text",
          1
        ],
        [
          "Footnote",
          1
        ],
        [
          "PageFooter",
          1
        ]
      ],
      "block_metadata": {
        "llm_request_count": 0,
        "llm_error_count": 0,
        "llm_tokens_used": 0,
        "previous_text": "",
        "previous_type": "",
        "previous_order": 0
      }
    },
    {
      "page_id": 28,
      "text_extraction_method": "pdftext",
      "block_counts": [
        [
          "Span",
          348
        ],
        [
          "TableCell",
          156
        ],
        [
          "Line",
          46
        ],
        [
          "SectionHeader",
          2
        ],
        [
          "Text",
          2
        ],
        [
          "Table",
          1
        ],
        [
          "Footnote",
          1
        ],
        [
          "PageFooter",
          1
        ]
      ],
      "block_metadata": {
        "llm_request_count": 0,
        "llm_error_count": 0,
        "llm_tokens_used": 0,
        "previous_text": "",
        "previous_type": "",
        "previous_order": 0
      }
    },
    {
      "page_id": 29,
      "text_extraction_method": "pdftext",
      "block_counts": [
        [
          "Span",
          243
        ],
        [
          "TableCell",
          102
        ],
        [
          "Line",
          39
        ],
        [
          "SectionHeader",
          3
        ],
        [
          "Text",
          2
        ],
        [
          "Table",
          1
        ],
        [
          "Footnote",
          1
        ],
        [
          "PageFooter",
          1
        ]
      ],
      "block_metadata": {
        "llm_request_count": 0,
        "llm_error_count": 0,
        "llm_tokens_used": 0,
        "previous_text": "",
        "previous_type": "",
        "previous_order": 0
      }
    },
    {
      "page_id": 30,
      "text_extraction_method": "pdftext",
      "block_counts": [
        [
          "Span",
          276
        ],
        [
          "TableCell",
          138
        ],
        [
          "Line",
          57
        ],
        [
          "SectionHeader",
          2
        ],
        [
          "Footnote",
          2
        ],
        [
          "Table",
          1
        ],
        [
          "Text",
          1
        ],
        [
          "PageFooter",
          1
        ]
      ],
      "block_metadata": {
        "llm_request_count": 0,
        "llm_error_count": 0,
        "llm_tokens_used": 0,
        "previous_text": "",
        "previous_type": "",
        "previous_order": 0
      }
    },
    {
      "page_id": 31,
      "text_extraction_method": "pdftext",
      "block_counts": [
        [
          "Span",
          335
        ],
        [
          "TableCell",
          163
        ],
        [
          "Line",
          44
        ],
        [
          "SectionHeader",
          5
        ],
        [
          "Text",
          4
        ],
        [
          "Footnote",
          4
        ],
        [
          "Table",
          2
        ],
        [
          "PageFooter",
          1
        ],
        [
          "TableGroup",
          1
        ]
      ],
      "block_metadata": {
        "llm_request_count": 0,
        "llm_error_count": 0,
        "llm_tokens_used": 0,
        "previous_text": "",
        "previous_type": "",
        "previous_order": 0
      }
    },
    {
      "page_id": 32,
      "text_extraction_method": "pdftext",
      "block_counts": [
        [
          "Span",
          121
        ],
        [
          "TableCell",
          36
        ],
        [
          "Line",
          34
        ],
        [
          "SectionHeader",
          5
        ],
        [
          "Text",
          5
        ],
        [
          "Footnote",
          3
        ],
        [
          "Table",
          1
        ],
        [
          "PageFooter",
          1
        ],
        [
          "TableGroup",
          1
        ]
      ],
      "block_metadata": {
        "llm_request_count": 0,
        "llm_error_count": 0,
        "llm_tokens_used": 0,
        "previous_text": "",
        "previous_type": "",
        "previous_order": 0
      }
    },
    {
      "page_id": 33,
      "text_extraction_method": "surya",
      "block_counts": [
        [
          "Line",
          25
        ],
        [
          "Span",
          12
        ],
        [
          "Text",
          7
        ],
        [
          "SectionHeader",
          2
        ],
        [
          "PageFooter",
          1
        ]
      ],
      "block_metadata": {
        "llm_request_count": 0,
        "llm_error_count": 0,
        "llm_tokens_used": 0,
        "previous_text": "",
        "previous_type": "",
        "previous_order": 0
      }
    }
  ],
  "debug_data_path": "debug_data/2Q24_performance_summary"
}